,RiskPerformance,ExternalRiskEstimate,MSinceOldestTradeOpen,MSinceMostRecentTradeOpen,AverageMInFile,NumSatisfactoryTrades,NumTrades60Ever2DerogPubRec,NumTrades90Ever2DerogPubRec,PercentTradesNeverDelq,MSinceMostRecentDelq,MaxDelq2PublicRecLast12M,MaxDelqEver,NumTotalTrades,NumTradesOpeninLast12M,PercentInstallTrades,MSinceMostRecentInqexcl7days,NumInqLast6M,NumInqLast6Mexcl7days,NetFractionRevolvingBurden,NetFractionInstallBurden,NumRevolvingTradesWBalance,NumInstallTradesWBalance,NumBank2NatlTradesWHighUtilization,PercentTradesWBalance
0,Bad,83,176,8,70,8,0,0,100.0,-7,7,8,8,3,50,0,0,0,38,91,2,2,0,80
1,Bad,64,25,1,9,5,1,1,100.0,-7,7,8,7,4,17,0,1,1,8,-8,2,1,0,75
2,Bad,73,229,13,122,16,0,0,88.0,3,4,6,17,0,41,0,0,0,40,56,2,2,0,100
3,Good,68,272,4,89,31,0,0,100.0,-7,7,8,33,2,27,0,0,0,90,90,8,4,4,86
4,Bad,68,147,5,76,30,2,0,72.0,40,6,5,32,3,22,1,3,3,48,61,4,2,1,67
5,Bad,72,120,3,51,16,1,0,94.0,80,6,5,19,2,53,-7,3,3,44,81,5,9,0,100
6,Bad,87,318,31,99,12,0,0,100.0,-7,7,8,12,0,25,0,0,0,0,52,0,2,0,25
7,Bad,62,295,7,124,55,0,0,95.0,8,4,6,57,2,39,5,0,0,32,48,6,4,2,57
9,Bad,61,105,8,53,44,1,0,89.0,6,4,5,45,3,36,0,7,7,39,60,5,4,1,64
10,Bad,57,81,2,47,13,1,1,79.0,13,6,6,15,1,64,0,1,1,48,19,5,4,0,100
11,Good,85,150,7,68,19,0,0,100.0,-7,7,8,19,1,58,-8,0,0,19,55,2,6,0,80
12,Bad,66,164,5,66,19,1,0,95.0,19,6,5,21,1,19,0,0,0,65,-8,3,1,1,33
13,Bad,62,164,1,51,31,0,0,91.0,3,4,6,32,2,28,0,1,1,17,62,8,3,2,52
14,Good,67,247,14,79,18,1,0,80.0,4,4,5,21,0,20,6,0,0,25,50,4,2,1,46
15,Good,75,135,4,60,12,1,0,93.0,26,6,5,14,2,43,7,0,0,79,96,3,3,1,100
16,Good,71,245,25,122,11,0,0,91.0,7,4,6,11,0,45,-8,0,0,-8,-8,-8,1,-8,100
17,Bad,73,275,15,116,8,0,0,75.0,0,4,6,8,0,50,-7,0,0,10,97,1,2,0,75
18,Good,85,278,13,104,23,0,0,100.0,-7,7,8,23,0,35,5,1,1,42,69,1,3,0,44
19,Bad,57,171,2,50,16,1,1,89.0,9,4,2,19,3,21,0,4,4,49,79,9,3,2,71
20,Good,69,142,3,74,47,0,0,100.0,-7,7,8,47,1,32,0,7,7,32,80,15,4,1,71
21,Bad,69,118,2,42,20,1,0,91.0,27,6,5,22,7,23,-7,4,4,14,-8,4,1,0,55
22,Good,87,302,14,151,20,0,0,100.0,-7,7,8,20,0,30,0,0,0,18,-8,3,2,0,50
23,Bad,72,118,4,55,14,0,0,100.0,-7,7,8,14,2,36,-7,1,1,76,-8,6,-8,3,75
24,Good,78,342,6,95,25,0,0,100.0,-7,7,8,25,3,36,16,0,0,44,97,5,3,1,67
25,Bad,57,129,4,63,32,0,0,84.0,23,6,6,32,5,31,0,3,3,82,73,4,4,3,73
26,Bad,86,74,46,60,2,0,0,100.0,-7,7,8,2,0,50,0,0,0,-8,-8,0,-8,-8,0
27,Bad,61,457,7,97,27,1,0,89.0,6,4,5,28,1,21,0,2,2,55,77,12,2,5,78
28,Bad,69,172,1,63,13,1,0,87.0,41,6,5,15,3,40,0,0,0,80,-8,3,1,2,50
29,Bad,81,329,12,111,19,0,0,95.0,1,4,6,20,0,55,0,0,0,1,86,2,4,0,67
30,Good,65,29,9,18,10,0,0,100.0,-7,7,8,10,3,40,0,5,5,38,68,5,3,0,89
31,Bad,68,319,2,127,26,0,0,93.0,20,6,6,28,2,29,0,0,0,29,47,9,4,2,62
32,Bad,70,303,1,69,37,0,0,100.0,-7,7,8,40,3,53,2,1,1,49,82,10,6,0,94
33,Good,66,173,8,58,17,2,1,85.0,2,0,2,20,4,45,0,0,0,7,68,3,2,0,75
34,Bad,84,325,2,107,13,0,0,100.0,-7,7,8,14,2,29,1,1,1,19,98,4,3,0,70
35,Good,76,98,11,50,15,0,0,100.0,-7,7,8,15,2,27,0,0,0,42,60,2,2,1,63
36,Bad,77,31,31,31,1,0,0,100.0,-7,7,8,1,0,0,0,6,6,-8,-8,-8,-8,-8,-8
37,Bad,56,23,7,15,6,0,0,100.0,-7,7,8,6,2,33,0,11,11,95,-8,3,1,1,100
38,Good,87,196,30,117,19,0,0,100.0,-7,7,8,20,0,30,0,0,0,7,-8,5,-8,-8,71
39,Bad,65,37,5,20,16,0,0,100.0,-7,7,8,16,5,44,0,0,0,58,84,1,3,1,71
40,Bad,70,43,4,21,11,0,0,100.0,-7,7,8,13,4,38,0,3,3,64,98,4,3,1,88
41,Bad,71,183,3,96,11,1,1,100.0,-7,7,8,13,2,0,0,0,0,0,-8,0,-8,0,0
42,Bad,59,-8,41,90,4,2,0,50.0,9,3,5,6,0,83,13,0,0,16,-8,1,1,0,100
43,Bad,76,316,6,101,9,0,0,100.0,-7,7,8,10,1,80,0,1,1,81,70,1,1,1,100
44,Good,79,421,3,66,15,0,0,100.0,-7,7,8,15,1,40,0,0,0,46,63,2,2,2,50
45,Bad,55,37,6,24,6,1,0,86.0,1,3,5,7,2,57,0,0,0,13,-8,2,1,1,75
46,Good,72,403,31,180,23,0,0,87.0,56,6,6,23,0,17,0,1,1,53,-8,9,1,3,83
47,Good,89,209,1,96,22,0,0,100.0,-7,7,8,26,3,38,5,1,1,18,59,2,3,0,71
48,Bad,59,123,4,66,32,1,1,88.0,6,4,6,32,2,31,-7,0,0,36,76,5,4,2,56
49,Bad,71,229,4,89,47,1,1,92.0,3,0,2,21,3,25,-7,0,0,24,88,10,4,1,63
50,Bad,56,79,35,56,6,3,0,67.0,3,4,5,9,0,33,0,0,0,54,-8,1,1,0,100
52,Bad,63,213,18,98,4,2,2,100.0,-7,6,8,4,0,50,-7,0,0,114,-8,1,1,-8,100
53,Bad,63,271,2,51,20,0,0,100.0,-7,7,8,26,2,32,-7,1,1,88,94,9,2,3,100
54,Good,85,449,5,71,33,0,0,100.0,-7,7,8,23,2,12,5,2,2,1,93,2,2,0,21
55,Good,68,90,4,52,14,2,1,88.0,62,6,2,16,1,75,-7,1,1,55,78,2,11,1,93
56,Good,80,162,5,58,41,0,0,98.0,-8,6,6,42,5,60,0,0,0,6,90,3,10,0,64
57,Bad,68,155,13,48,10,2,2,90.0,8,4,6,12,0,40,0,0,0,59,49,3,4,0,100
58,Good,81,133,15,63,20,0,0,100.0,-7,7,8,20,0,35,11,0,0,5,-8,1,1,0,25
59,Good,86,333,6,93,32,0,0,100.0,-7,7,8,32,3,22,0,0,0,6,-8,6,2,0,44
60,Good,78,165,7,52,8,0,0,100.0,-7,7,8,8,1,38,-7,1,1,53,91,2,2,0,80
61,Good,77,68,11,31,7,0,0,100.0,-7,7,8,7,2,14,0,4,3,0,-8,0,-8,0,0
63,Good,82,368,6,106,23,0,0,,-7,6,6,23,2,22,0,1,1,8,-8,3,1,1,36
64,Good,61,246,20,95,18,2,2,86.0,11,7,8,21,0,38,0,1,1,62,-8,5,1,2,88
65,Bad,74,319,2,83,24,1,0,88.0,9,4,4,28,3,37,-7,1,1,6,100,3,2,0,42
66,Good,79,238,7,92,23,0,0,96.0,59,3,5,23,1,22,0,0,0,31,49,8,3,0,61
67,Good,67,212,16,87,24,2,0,86.0,13,6,6,29,0,55,0,1,1,41,92,6,2,0,100
68,Good,68,50,1,81,29,0,0,94.0,44,6,5,1,2,22,0,2,2,43,75,2,3,2,42
69,Bad,59,183,2,73,28,1,1,90.0,2,6,6,31,2,32,0,10,10,66,62,5,3,1,57
70,Bad,67,190,17,83,29,1,0,93.0,74,0,2,28,0,27,17,0,0,72,-8,7,1,3,67
71,Bad,50,239,10,76,21,4,3,72.0,2,6,5,9,2,36,0,2,2,58,94,5,3,0,80
72,Bad,56,252,7,50,13,1,1,86.0,3,0,2,14,3,50,0,4,4,67,68,3,3,2,60
73,Bad,68,231,2,18,6,1,1,,-7,0,2,20,4,0,-7,2,2,8,-8,2,-8,0,50
74,Good,75,146,14,73,8,0,0,75.0,5,7,8,57,0,38,22,0,0,0,-8,0,1,-8,50
75,Bad,78,294,11,78,28,1,1,97.0,59,4,6,29,1,24,2,1,1,6,-8,4,-8,0,33
76,Good,66,220,28,119,6,0,0,57.0,1,6,3,7,0,0,7,0,0,17,-8,3,-8,1,75
77,Bad,65,140,14,49,12,1,1,,-7,4,6,12,0,58,0,0,0,66,-8,2,3,0,100
78,Bad,74,158,8,88,37,0,0,97.0,24,6,8,4,1,42,0,2,2,37,56,3,4,1,78
79,Bad,62,335,2,26,19,0,0,,-7,6,6,7,7,29,0,2,2,49,-8,6,4,4,67
80,Good,83,195,4,94,18,0,0,100.0,-7,7,8,18,2,28,4,1,1,25,56,2,2,0,44
81,Bad,84,163,4,56,36,0,0,100.0,-7,7,8,36,2,17,12,0,0,14,88,3,2,1,46
82,Good,61,270,2,38,17,0,0,100.0,-7,7,8,22,7,9,0,1,1,42,71,8,2,4,59
83,Bad,74,257,7,93,33,0,0,92.0,23,7,8,38,2,32,0,2,2,1,-8,4,1,0,33
84,Bad,63,191,23,68,12,1,1,92.0,4,6,6,8,0,58,4,1,1,4,40,1,3,0,67
85,Bad,69,78,5,40,16,0,0,,-7,0,6,16,1,25,0,2,2,69,-8,3,2,2,83
86,Bad,86,149,3,69,14,0,0,100.0,-7,7,8,14,2,57,-8,0,0,15,91,1,2,0,43
87,Good,72,113,10,77,21,5,5,73.0,36,7,8,26,1,15,0,2,2,4,-8,2,1,0,60
88,Bad,67,54,1,20,12,0,0,,-7,6,2,13,4,38,0,1,1,53,98,5,2,1,70
89,Bad,68,118,7,64,11,0,0,86.0,9,7,8,14,1,64,0,1,1,27,65,1,5,0,100
90,Bad,66,273,2,149,8,2,0,83.0,19,4,6,17,3,33,1,1,1,44,84,4,2,2,70
91,Good,64,185,8,96,31,2,0,88.0,17,6,5,33,1,21,16,0,0,73,92,8,3,6,73
92,Bad,71,214,18,127,10,1,0,64.0,14,6,5,11,0,18,-7,0,0,51,81,3,1,2,57
93,Good,83,108,17,69,8,0,0,,-7,6,5,8,0,63,4,1,1,21,72,1,1,0,67
94,Bad,65,80,11,53,12,1,1,85.0,21,7,8,14,1,38,13,0,0,0,85,0,2,-8,67
95,Bad,57,23,8,56,4,2,1,67.0,16,6,2,1,1,33,1,2,2,92,75,1,1,-8,67
96,Bad,85,211,5,73,19,0,0,,-7,6,4,33,4,11,0,1,1,17,-8,3,1,0,33
97,Good,68,261,2,63,13,0,0,86.0,25,7,8,14,5,36,0,2,2,32,95,7,3,0,83
98,Bad,68,74,3,32,14,1,1,93.0,30,6,6,15,4,40,0,0,0,58,32,2,5,1,64
99,Bad,77,426,9,124,19,0,0,95.0,18,6,3,14,1,50,-7,0,0,46,-8,3,1,1,57
100,Good,79,305,9,121,12,1,0,69.0,9,6,6,16,1,19,-7,0,0,6,-8,6,1,0,64
101,Bad,92,407,7,142,21,0,0,,-7,4,5,21,1,48,-8,0,0,0,-8,1,2,0,33
103,Good,75,262,1,82,28,1,0,83.0,13,7,8,31,3,20,-7,3,3,9,100,5,1,0,47
104,Good,72,206,6,65,43,0,0,100.0,-7,7,8,44,1,34,0,1,1,66,60,7,3,4,91
105,Bad,74,-8,3,93,19,0,0,90.0,33,6,5,21,3,43,-7,2,2,34,78,4,3,1,64
106,Good,77,176,23,87,13,0,0,100.0,-7,7,8,13,0,31,0,1,1,51,-8,3,1,2,57
107,Bad,61,132,8,69,3,1,1,80.0,12,6,6,5,2,100,0,0,0,-8,94,-8,2,-8,100
108,Good,76,374,9,124,25,0,0,88.0,21,7,8,23,2,24,8,0,0,4,-8,5,3,0,57
109,Bad,61,187,3,72,28,1,0,97.0,1,6,2,30,2,57,10,0,0,32,53,6,4,1,77
110,Good,58,165,8,79,27,0,0,96.0,19,6,6,27,1,37,4,1,1,85,78,9,5,5,100
111,Good,58,183,11,36,30,0,0,,-7,4,5,32,3,17,-7,8,7,87,-8,15,2,10,81
112,Bad,72,304,6,83,27,0,0,93.0,55,6,6,27,5,33,0,2,2,34,90,6,3,1,69
113,Bad,87,326,7,111,26,0,0,100.0,-7,7,8,30,1,40,0,0,0,12,89,3,2,0,56
114,Good,78,249,7,86,37,0,0,,-7,5,6,54,5,42,2,4,4,41,84,4,6,0,79
115,Good,69,154,3,63,23,1,0,96.0,25,7,8,27,5,33,3,1,1,61,-8,3,1,1,67
116,Good,67,296,1,68,20,0,0,100.0,-7,7,8,22,5,27,0,7,7,64,-8,7,1,2,80
117,Bad,83,115,1,60,19,0,0,,-7,6,5,21,3,29,1,4,4,8,5,3,2,0,45
118,Good,59,261,7,158,16,0,0,79.0,3,7,8,19,1,21,-7,0,0,76,86,10,2,4,100
119,Bad,75,116,2,61,41,0,0,100.0,-7,7,8,42,1,17,0,2,1,34,-8,2,-8,1,22
120,Bad,64,150,2,45,12,1,1,86.0,3,4,6,14,4,21,0,2,2,9,-8,4,1,-8,56
121,Good,74,-8,2,65,35,0,0,100.0,-7,7,8,0,2,28,0,1,1,19,-8,4,3,1,70
122,Bad,80,139,8,67,35,0,0,97.0,29,0,2,35,2,29,0,3,3,5,87,4,3,0,54
123,Good,54,39,6,19,6,7,7,100.0,-7,7,8,15,1,75,0,2,2,92,86,2,3,2,100
124,Good,85,207,8,102,21,0,0,,-7,6,6,21,1,29,8,0,0,0,-8,2,1,0,67
125,Bad,91,225,4,121,12,0,0,100.0,-7,0,8,28,2,25,-8,0,0,3,-8,2,1,0,60
127,Good,64,111,3,35,15,2,2,100.0,-7,7,8,17,2,33,0,1,1,70,97,4,3,0,78
128,Good,60,255,1,92,29,0,0,77.0,2,7,8,34,5,19,5,3,3,14,-8,5,1,1,60
129,Good,79,275,0,91,13,0,0,86.0,6,6,6,14,3,29,6,0,0,0,-8,1,1,0,33
130,Bad,56,137,4,65,38,1,0,80.0,2,7,8,41,2,27,0,1,1,64,48,7,2,2,69
131,Good,62,187,2,68,27,7,5,79.0,32,4,6,33,4,24,2,3,3,4,80,1,5,0,32
132,Good,82,299,1,112,12,0,0,,-7,4,6,13,3,8,0,1,1,34,-8,4,1,1,45
133,Bad,86,379,8,176,24,0,0,,-7,4,5,27,1,22,0,0,0,0,-8,2,-8,0,20
134,Good,73,77,5,44,15,0,0,,-7,6,3,15,1,67,14,0,0,68,77,3,4,2,100
135,Bad,78,169,2,53,21,0,0,95.0,24,7,8,22,1,45,-7,0,0,0,78,2,1,0,43
136,Bad,70,92,11,57,16,0,0,88.0,16,7,8,16,1,44,0,0,0,37,61,1,3,0,67
137,Bad,63,131,11,61,8,2,1,60.0,17,7,8,10,1,30,3,2,1,78,45,3,1,2,80
138,Bad,61,197,5,54,40,1,1,95.0,3,6,6,23,1,15,4,2,2,60,39,16,2,7,67
139,Good,67,118,6,37,23,2,2,88.0,70,6,6,26,5,42,0,0,0,31,70,5,3,1,67
140,Bad,66,150,14,80,17,3,1,67.0,43,6,3,24,0,63,0,0,0,-8,61,-8,2,-8,100
141,Bad,75,169,2,59,21,0,0,,-7,0,2,22,4,36,-7,4,4,43,112,4,6,0,83
142,Bad,58,120,8,67,22,1,0,74.0,6,6,2,23,1,26,0,2,2,87,79,7,3,4,92
143,Bad,73,211,11,108,26,0,0,97.0,8,6,5,29,1,14,0,0,0,15,-8,6,1,0,47
144,Bad,77,330,8,72,16,0,0,100.0,-7,7,8,16,3,56,0,0,0,0,-8,0,3,0,43
145,Bad,60,342,2,77,29,4,0,72.0,25,3,5,36,4,58,0,1,1,47,88,3,4,1,88
146,Bad,56,172,4,64,16,2,0,68.0,5,4,6,19,3,37,0,0,0,46,86,4,2,1,55
147,Bad,67,279,5,60,35,0,0,100.0,-7,7,8,36,4,43,2,2,2,93,90,1,4,-8,100
148,Bad,61,282,2,86,40,1,1,95.0,1,5,5,42,4,14,0,3,3,40,100,8,2,2,55
149,Good,77,275,0,63,15,1,0,89.0,29,4,5,18,4,22,0,2,2,18,-8,4,1,0,56
151,Good,74,277,30,123,24,0,0,88.0,12,7,8,24,0,25,0,0,0,45,-8,12,1,2,93
152,Good,66,244,11,128,30,0,0,93.0,4,0,2,10,1,43,2,1,1,23,74,8,4,2,100
153,Bad,72,242,6,68,15,0,0,87.0,5,6,5,16,1,73,7,0,0,0,8,0,2,0,50
154,Good,76,140,4,54,15,0,0,100.0,-7,7,8,15,4,53,0,4,4,14,71,3,3,1,67
155,Bad,71,386,2,86,30,1,0,97.0,10,6,6,33,2,24,0,0,0,24,60,5,5,1,53
157,Bad,79,439,15,142,17,2,2,89.0,68,4,6,38,0,11,15,0,0,3,-8,5,-8,0,50
158,Good,64,260,1,61,17,1,1,95.0,6,4,6,23,5,26,-7,0,0,68,88,3,2,1,71
159,Bad,75,113,97,105,2,0,0,100.0,-7,7,8,2,0,0,0,0,0,101,-8,2,-8,1,100
160,Good,67,222,5,71,21,1,1,82.0,4,3,5,22,1,14,0,1,1,37,-8,5,1,0,46
161,Good,57,32,3,14,11,0,0,100.0,-7,7,8,11,6,36,-7,0,0,73,89,6,3,2,100
162,Bad,91,397,36,140,21,0,0,,-7,6,3,21,0,19,0,0,0,3,-8,1,1,0,22
163,Bad,68,116,1,51,20,0,0,,-7,2,4,21,2,24,0,2,2,50,-8,6,1,2,64
164,Bad,57,155,0,42,32,0,0,97.0,0,7,8,34,10,18,0,1,1,40,90,7,4,1,50
165,Good,66,176,7,61,24,0,0,92.0,0,4,4,24,1,33,0,0,0,18,92,4,2,1,58
166,Bad,63,282,2,112,20,0,0,71.0,12,7,8,21,1,29,0,1,0,51,-8,7,2,3,77
167,Good,76,-8,2,17,7,0,0,100.0,-7,7,8,0,1,33,2,2,2,9,73,3,2,0,63
168,Bad,73,-8,1,104,12,1,0,93.0,5,7,8,0,1,43,-7,1,1,0,100,1,2,0,50
169,Good,63,213,6,86,24,0,0,96.0,64,4,6,24,2,29,0,1,1,75,79,7,2,5,60
170,Good,88,171,17,91,15,0,0,,-7,4,6,16,0,50,17,0,0,0,-8,0,1,0,25
171,Bad,89,270,3,98,12,0,0,,-7,6,6,12,2,25,13,0,0,9,6,2,2,0,67
172,Good,65,208,3,84,20,0,0,85.0,18,7,8,20,3,20,0,0,0,55,92,8,2,2,67
173,Bad,69,105,3,30,17,0,0,,-7,3,5,17,7,12,4,1,1,32,100,6,1,2,64
174,Good,79,168,9,58,21,0,0,90.0,76,6,6,21,3,38,0,0,0,27,88,5,3,0,62
175,Good,74,219,13,90,30,0,0,100.0,-7,7,8,30,0,33,0,2,2,28,-8,9,2,1,79
176,Good,77,276,41,145,19,0,0,100.0,-7,7,8,19,0,21,-7,1,1,59,36,6,2,1,62
177,Bad,70,182,2,34,7,0,0,,-7,6,6,8,5,13,0,2,2,57,-8,4,-8,1,100
178,Bad,92,262,4,161,10,0,0,100.0,-7,7,8,33,1,10,-8,0,0,0,-8,1,-8,0,25
179,Good,84,188,12,78,30,0,0,,-7,6,6,30,0,21,2,1,1,0,-8,1,2,1,75
180,Good,76,149,15,62,13,0,0,100.0,-7,7,8,13,0,38,0,0,0,0,55,0,3,0,75
181,Bad,60,160,3,48,16,0,0,81.0,5,7,8,16,4,31,4,2,2,65,74,2,3,1,63
182,Bad,72,86,3,51,27,0,0,100.0,-7,7,8,15,5,15,2,1,1,60,-8,5,1,2,50
183,Good,77,158,23,104,20,0,0,100.0,-7,7,8,22,0,32,0,1,1,72,-8,1,1,1,50
184,Good,81,163,22,55,24,0,0,92.0,16,7,8,24,0,25,0,0,0,0,-8,1,2,0,33
185,Good,79,180,7,99,26,0,0,100.0,-7,7,8,10,2,23,2,1,1,28,34,4,3,1,58
187,Good,82,77,10,42,8,0,0,,-7,4,6,8,1,25,20,0,0,3,84,2,2,0,57
188,Good,83,414,4,135,26,0,0,100.0,-7,7,8,24,2,19,-8,0,0,13,8,6,1,0,47
189,Good,77,242,2,86,14,0,0,93.0,17,7,8,15,1,33,-7,1,1,26,-8,3,2,0,83
191,Bad,54,175,4,58,42,0,0,90.0,1,6,6,42,3,24,1,2,2,41,-8,7,2,5,60
192,Good,70,228,2,49,11,0,0,100.0,-7,7,8,12,2,0,8,0,0,57,-8,9,-8,6,90
193,Good,80,175,11,73,15,0,0,100.0,-7,7,8,17,1,53,11,0,0,32,84,3,4,0,88
194,Good,78,202,1,102,12,0,0,86.0,17,7,8,39,2,57,-7,0,0,16,101,3,4,0,89
195,Good,81,112,2,55,17,0,0,100.0,-7,7,8,19,1,47,0,1,1,24,-8,1,2,1,33
196,Good,76,241,9,80,48,0,0,,-7,6,6,49,2,20,0,2,2,22,-8,9,-8,1,37
197,Good,70,419,6,79,15,2,2,90.0,2,6,7,21,3,29,0,1,1,44,-8,2,1,1,38
198,Good,69,301,32,178,5,1,0,56.0,2,4,6,9,0,44,-8,0,0,75,40,2,2,1,80
199,Bad,58,94,7,45,7,2,2,88.0,-8,7,8,9,1,63,0,1,1,81,-8,2,1,0,75
200,Bad,61,395,30,103,8,0,0,73.0,2,7,8,11,0,18,-8,0,0,79,-8,5,-8,2,100
201,Bad,74,66,6,36,10,0,0,,-7,6,6,10,1,40,0,3,0,41,94,2,1,1,75
202,Bad,79,288,4,79,44,0,0,100.0,-7,7,8,47,4,28,11,0,0,27,93,7,2,1,53
203,Good,61,197,40,81,21,2,2,79.0,9,5,8,24,0,46,0,1,1,80,24,4,2,2,78
204,Good,85,149,8,63,15,0,0,,-7,0,2,15,1,40,0,2,2,5,32,1,3,0,44
205,Bad,61,251,12,74,15,0,0,93.0,70,4,5,15,0,13,0,1,1,89,-8,7,1,5,100
206,Bad,59,81,6,41,27,5,5,,-7,6,4,27,2,44,1,4,4,49,73,6,4,2,71
207,Bad,89,342,25,110,8,0,0,,-7,4,6,8,0,63,-8,0,0,0,-8,0,-8,-8,0
208,Bad,80,335,15,146,28,0,0,100.0,-7,7,8,28,0,18,14,0,0,34,75,9,2,1,65
209,Good,77,70,3,37,9,0,0,100.0,-7,7,8,9,2,11,0,1,1,14,-8,2,-8,0,67
210,Bad,70,212,1,56,32,0,0,,-7,4,6,36,11,36,1,4,4,19,91,7,2,0,75
211,Good,81,136,24,63,19,0,0,100.0,-7,7,8,19,0,21,-7,0,0,42,39,1,2,0,60
212,Bad,85,141,6,78,10,0,0,91.0,77,6,6,12,1,27,0,3,3,1,-8,1,1,0,50
213,Bad,75,164,7,65,32,2,0,88.0,66,0,8,34,3,21,0,1,1,7,-8,4,1,0,63
214,Good,59,279,4,70,7,0,0,63.0,7,7,8,8,2,25,1,1,1,72,40,4,2,1,86
215,Bad,65,133,5,41,17,0,0,94.0,5,7,8,17,5,53,0,1,1,43,90,2,4,1,67
216,Good,69,91,18,53,36,0,0,100.0,-7,7,8,41,0,33,4,1,1,72,53,8,5,2,87
217,Bad,81,197,3,65,31,0,0,100.0,-7,7,8,31,3,29,9,0,0,2,-8,1,2,0,27
218,Good,59,167,24,116,28,2,0,75.0,0,7,8,32,0,13,0,0,0,92,-8,11,1,8,93
219,Good,73,110,8,71,8,4,0,50.0,37,6,6,14,1,43,0,1,1,14,-8,1,2,1,43
220,Good,64,162,2,53,14,0,0,,-7,6,5,15,2,27,2,1,1,63,88,7,3,4,100
221,Bad,79,132,6,62,22,0,0,,-7,4,6,24,3,21,-8,0,0,56,-8,3,-8,0,50
222,Good,74,149,3,36,14,0,0,,-7,4,6,14,4,50,0,1,1,32,25,3,5,0,80
223,Good,66,288,10,77,27,0,0,96.0,26,7,8,44,1,44,12,0,0,72,86,7,2,3,100
224,Good,84,151,7,85,14,0,0,100.0,-7,7,8,14,1,57,7,2,0,18,75,2,3,-8,100
225,Bad,81,261,11,110,27,0,0,96.0,53,4,5,27,1,22,0,0,0,23,13,11,2,0,65
226,Bad,79,210,7,96,24,0,0,92.0,6,6,5,24,1,21,0,2,2,18,45,4,3,0,58
227,Good,76,404,7,125,27,1,0,97.0,69,7,8,29,2,10,4,1,1,11,-8,5,1,2,50
228,Good,72,174,3,55,21,0,0,95.0,65,7,8,22,3,36,-7,5,5,17,98,3,2,1,56
229,Bad,89,166,6,96,19,0,0,100.0,-7,7,8,19,1,32,9,0,0,10,66,4,2,1,75
231,Bad,68,221,7,89,19,4,0,83.0,53,6,6,23,1,39,0,0,0,70,100,2,2,2,40
232,Good,57,246,3,78,16,2,2,94.0,9,7,8,24,2,31,-7,0,0,85,39,6,2,3,89
233,Good,78,218,6,80,48,0,0,,-7,6,6,48,1,56,1,1,1,11,92,3,2,0,56
234,Bad,89,162,8,82,19,0,0,,-7,4,6,21,2,24,-7,1,1,3,-8,1,1,0,33
235,Good,86,153,7,88,15,0,0,,-7,6,5,15,1,27,-7,0,0,5,-8,2,1,0,43
236,Bad,75,160,2,82,46,0,0,,-7,6,6,48,2,17,0,3,3,19,-8,10,3,1,41
237,Bad,64,141,1,29,23,1,1,96.0,39,7,8,26,7,12,1,7,7,34,87,10,2,0,82
238,Good,71,172,1,64,17,0,0,89.0,22,6,6,18,1,33,3,1,1,46,64,7,2,2,75
239,Bad,72,113,18,55,25,0,0,96.0,-7,6,5,25,0,48,0,2,2,52,27,4,4,1,73
240,Bad,69,390,3,100,18,3,1,67.0,3,4,6,11,1,10,14,0,0,7,-8,3,-8,0,27
241,Good,60,49,5,23,16,0,0,100.0,-7,7,8,16,3,31,0,1,1,40,82,6,3,0,90
243,Good,66,272,2,95,44,0,0,100.0,-7,7,8,49,3,29,0,4,4,63,64,16,4,6,80
244,Good,57,129,29,74,12,17,16,30.0,6,7,8,30,0,73,-7,0,0,26,47,2,9,0,92
245,Bad,67,143,2,51,27,0,0,97.0,56,7,8,31,4,69,1,5,5,57,95,5,4,2,90
246,Bad,62,171,5,92,52,1,0,90.0,4,6,2,58,2,47,-7,0,0,28,32,7,7,0,78
247,Bad,72,192,11,75,13,1,0,88.0,6,6,6,18,1,56,3,2,2,0,-8,0,2,0,40
248,Bad,73,251,3,105,33,0,0,85.0,26,5,7,33,3,24,-7,0,0,22,-8,7,1,0,53
250,Bad,72,169,5,60,21,1,1,96.0,30,4,4,23,1,52,0,4,4,66,82,4,3,1,78
251,Bad,61,183,26,111,3,1,1,60.0,7,7,8,5,0,20,-7,1,1,94,-8,1,1,-8,100
252,Good,78,199,7,73,39,0,0,95.0,22,4,6,40,1,21,-7,1,0,15,19,2,5,1,50
253,Good,73,134,3,55,26,0,0,100.0,-7,7,8,26,5,35,6,1,0,64,33,4,2,2,64
254,Bad,57,132,3,67,47,1,1,96.0,6,1,3,14,2,55,0,5,5,50,86,8,13,2,81
255,Bad,86,160,14,82,15,0,0,,-7,6,6,15,0,20,0,1,1,31,56,2,2,0,50
256,Bad,76,82,19,55,10,0,0,,-7,3,5,10,0,40,0,2,2,40,36,2,3,1,71
257,Good,60,146,6,116,6,3,1,55.0,6,3,5,11,1,55,-7,1,1,83,-8,1,1,1,75
258,Bad,75,23,6,15,2,0,0,,-7,6,6,2,1,50,0,0,0,17,100,1,1,0,100
259,Bad,79,196,5,97,28,0,0,,-7,6,5,29,2,48,0,0,0,40,-8,4,1,1,83
260,Bad,72,196,6,93,39,1,0,95.0,37,6,3,41,3,29,0,0,0,34,70,8,3,2,55
261,Good,86,243,5,87,16,0,0,,-7,4,2,16,4,44,0,1,1,9,100,2,2,0,57
262,Bad,82,266,10,81,28,0,0,,-7,6,6,28,1,29,0,1,1,12,-8,3,2,1,46
263,Good,67,233,12,66,13,1,0,87.0,10,7,8,15,0,67,0,1,1,33,81,3,2,1,83
264,Bad,62,175,2,46,18,0,0,95.0,0,4,6,20,2,75,0,2,2,57,81,3,5,1,89
265,Good,84,138,2,67,21,0,0,100.0,-7,7,8,22,3,55,0,2,2,15,78,3,3,0,86
266,Bad,57,140,13,67,8,4,4,80.0,26,7,8,10,0,50,3,1,1,93,71,1,2,1,100
267,Bad,74,502,25,191,13,1,0,93.0,25,0,2,14,0,0,-8,0,0,51,-8,3,-8,1,33
268,Bad,85,140,13,81,12,0,0,92.0,82,7,8,13,0,38,12,0,0,1,93,1,2,0,50
269,Bad,76,157,3,78,26,0,0,100.0,-7,7,8,27,2,56,2,4,4,26,83,5,3,2,89
270,Bad,74,270,11,105,10,0,0,80.0,-8,6,5,10,1,90,0,0,0,-8,-8,0,4,-8,80
271,Good,56,153,18,80,17,0,0,95.0,1,7,8,20,0,45,17,0,0,82,-8,2,1,2,75
272,Bad,67,235,5,39,11,0,0,91.0,6,7,8,30,3,27,-7,1,1,47,78,3,2,0,71
273,Bad,60,349,1,74,16,1,1,95.0,4,4,5,19,4,58,0,3,3,59,29,5,3,1,73
274,Bad,85,321,4,173,4,0,0,,-7,4,6,4,1,0,-8,0,0,45,-8,1,-8,0,50
275,Good,61,149,13,75,4,4,4,100.0,-7,7,8,8,0,50,0,0,0,-8,89,-8,2,-8,100
276,Bad,81,223,6,83,63,0,0,,-7,6,4,63,3,16,0,1,0,15,89,2,3,1,40
277,Good,67,351,11,98,7,2,2,86.0,30,6,5,8,1,14,-7,0,0,59,-8,3,-8,1,60
278,Good,87,306,49,122,14,0,0,,-7,6,6,14,0,36,13,0,0,3,-8,2,-8,0,67
279,Good,70,117,12,56,11,0,0,100.0,-7,7,8,11,0,27,0,1,1,99,6,4,1,2,100
280,Good,79,-8,7,104,20,0,0,95.0,27,6,6,20,2,55,-7,0,0,27,49,5,3,0,100
282,Bad,81,160,5,79,27,0,0,,-7,4,6,21,2,56,-7,0,0,46,26,3,3,1,67
283,Bad,60,63,7,31,5,1,1,83.0,25,4,6,6,1,33,0,2,2,91,83,2,2,1,100
285,Good,87,284,21,108,16,0,0,,-7,2,4,51,0,31,-8,0,0,4,38,1,1,0,43
286,Good,67,-8,30,78,10,0,0,92.0,1,7,8,13,0,62,-7,1,1,73,42,2,2,-8,100
287,Bad,84,397,71,199,8,0,0,88.0,65,7,8,8,0,13,0,0,0,0,-8,0,-8,-8,50
288,Good,64,172,3,93,13,2,0,69.0,12,7,8,16,2,50,3,1,1,48,90,4,2,1,86
290,Bad,70,68,2,41,6,0,0,,-7,6,6,7,1,57,0,0,0,91,17,2,2,1,100
291,Good,68,435,12,138,26,3,1,90.0,13,7,8,30,0,33,8,0,0,16,31,3,3,1,43
292,Bad,63,232,2,103,14,2,2,88.0,21,7,8,17,1,6,1,4,4,11,-8,1,-8,0,17
293,Good,89,148,6,72,22,1,0,96.0,34,6,6,24,1,13,-8,0,0,0,-8,1,1,0,12
294,Good,65,23,4,15,9,0,0,,-7,6,2,9,3,67,1,3,2,84,76,2,6,2,89
295,Good,70,98,5,59,31,0,0,97.0,36,7,8,35,3,26,-7,5,5,19,95,4,2,1,50
296,Bad,86,257,20,117,29,0,0,,-7,6,2,29,0,45,-7,0,0,10,48,3,2,0,71
297,Good,69,361,8,96,26,1,0,89.0,1,7,8,28,1,29,-7,0,0,29,57,5,3,0,64
298,Good,71,227,12,116,15,2,1,78.0,48,7,8,18,0,28,0,2,2,83,-8,2,1,2,60
300,Bad,77,154,2,70,37,0,0,98.0,35,4,6,45,7,53,1,10,10,28,99,3,4,1,64
301,Good,68,177,2,70,32,0,0,97.0,16,6,6,46,2,60,1,2,2,85,-8,5,12,5,100
302,Bad,65,106,5,42,11,1,0,92.0,22,6,5,13,3,31,0,2,2,60,-8,4,1,1,83
303,Bad,64,165,1,52,9,2,2,82.0,28,6,6,12,1,18,0,2,2,9,100,2,1,0,50
304,Bad,65,125,7,65,12,3,1,65.0,8,7,8,18,1,35,0,5,4,22,-8,2,2,0,40
305,Good,55,316,8,119,22,1,0,78.0,1,6,5,23,1,26,-8,0,0,29,-8,4,2,1,50
306,Good,93,146,13,159,11,0,0,,-7,6,4,10,0,27,-8,0,0,0,-8,1,1,0,40
307,Good,80,113,5,48,13,0,0,86.0,26,6,5,14,2,14,4,1,1,0,-8,0,1,0,17
309,Bad,70,166,14,82,26,1,0,79.0,17,7,8,28,0,29,1,1,1,42,87,7,2,0,45
310,Good,82,297,38,130,11,0,0,,-7,6,6,11,0,18,0,0,0,32,-8,4,1,1,56
311,Good,86,232,1,75,21,0,0,,-7,6,7,23,2,17,0,2,2,1,51,2,2,0,29
312,Bad,80,177,1,64,33,0,0,,-7,4,5,35,5,34,1,4,3,19,44,3,3,1,75
313,Good,76,119,10,51,21,0,0,,-7,6,4,21,1,33,9,0,0,31,65,1,3,0,80
314,Bad,66,87,6,51,31,0,0,100.0,-7,0,8,31,4,32,-7,0,0,49,91,8,3,1,79
315,Good,74,119,11,39,4,0,0,,-7,6,6,4,1,75,0,0,0,64,75,1,2,0,100
316,Good,91,290,7,108,21,0,0,,-7,6,6,43,1,14,-8,0,0,3,-8,3,1,0,50
317,Bad,78,319,2,82,53,0,0,98.0,47,6,5,58,3,24,0,3,3,12,-8,3,4,0,58
318,Good,57,280,9,86,24,1,0,81.0,2,6,4,27,1,44,0,1,1,75,88,8,3,5,92
319,Bad,81,397,35,108,21,0,0,,-7,3,4,21,0,14,0,2,2,23,-8,13,-8,1,81
320,Good,85,143,1,71,12,0,0,,-7,4,5,13,3,23,1,1,1,12,100,2,2,0,50
321,Bad,68,134,3,45,28,1,0,94.0,50,7,8,31,7,45,0,3,3,23,94,4,3,1,58
322,Bad,65,96,15,33,11,0,0,,-7,6,6,12,0,9,-7,0,0,85,-8,6,1,3,100
323,Good,70,207,5,58,12,1,1,,-7,6,6,14,3,29,1,4,4,2,-8,1,1,0,29
324,Bad,71,-8,16,161,6,1,0,86.0,23,6,5,0,0,29,-7,0,0,88,-8,2,1,1,100
325,Good,66,100,5,56,13,2,0,71.0,39,7,8,17,2,41,0,4,1,39,82,2,2,1,57
326,Good,66,198,1,103,18,2,2,83.0,10,7,8,11,2,39,0,1,1,0,59,0,3,0,50
327,Bad,65,259,39,121,8,1,1,67.0,5,5,7,9,0,11,0,1,1,34,-8,3,-8,-8,60
328,Bad,76,266,1,93,12,0,0,100.0,-7,7,8,13,6,62,0,3,3,86,85,3,3,1,100
329,Bad,64,175,4,63,27,0,0,,-7,5,7,27,5,30,0,0,0,63,86,10,3,4,81
330,Bad,74,344,9,86,13,1,1,93.0,14,7,8,14,1,57,-7,1,1,0,31,1,3,0,67
331,Good,82,169,9,64,27,0,0,100.0,-7,7,8,19,1,15,11,0,0,17,56,4,2,0,30
332,Good,81,69,6,19,6,0,0,,-7,6,6,3,4,33,4,2,1,3,-8,2,2,0,100
333,Bad,77,266,2,69,12,0,0,,-7,3,5,14,4,46,0,5,5,73,59,4,3,1,78
334,Bad,66,265,6,101,32,3,2,86.0,8,7,8,36,4,33,0,1,1,39,-8,7,1,1,89
335,Bad,91,303,4,101,11,0,0,100.0,-7,7,8,12,1,36,-8,0,0,1,97,2,2,0,57
336,Bad,83,339,12,87,11,0,0,,-7,6,5,12,0,45,21,0,0,58,43,3,2,1,83
337,Bad,64,139,18,68,20,5,2,56.0,14,7,8,25,0,28,0,0,0,0,68,0,2,0,18
338,Good,82,34,5,26,4,0,0,100.0,-7,6,8,4,1,50,5,0,0,0,95,0,2,0,50
339,Bad,75,279,5,79,16,0,0,,-7,6,5,16,3,19,22,0,0,61,-8,3,-8,3,60
340,Bad,70,196,2,56,25,0,0,,-7,6,5,27,4,30,0,3,3,34,79,4,4,1,47
341,Bad,65,321,6,114,27,1,1,82.0,17,4,2,28,3,32,0,0,0,66,-8,6,1,1,88
342,Bad,71,160,4,68,31,0,0,,-7,4,2,31,3,35,1,1,1,61,35,5,3,1,80
343,Bad,74,99,8,51,16,0,0,100.0,-7,7,8,16,1,56,0,0,0,15,-8,5,3,1,89
344,Bad,72,214,17,61,21,0,0,100.0,-7,7,8,21,0,33,0,0,0,66,66,7,2,2,64
345,Bad,77,272,9,121,20,0,0,,-7,6,2,20,1,25,0,0,0,42,88,8,2,1,77
346,Good,79,166,6,91,24,0,0,96.0,13,7,8,15,1,17,-8,0,0,24,-8,4,2,0,46
347,Good,63,329,2,148,27,4,3,85.0,44,7,8,33,4,33,2,5,5,37,71,7,2,1,82
348,Good,67,100,3,46,8,1,1,67.0,23,6,7,9,1,33,0,3,3,13,83,1,1,0,50
349,Bad,61,131,1,44,9,0,0,,-7,4,2,10,4,40,0,6,6,94,92,5,4,4,100
350,Good,54,-8,9,99,10,8,5,59.0,1,7,8,17,1,29,-7,1,1,99,-8,2,1,-8,75
351,Good,66,293,2,67,13,0,0,93.0,-8,7,8,14,3,36,0,3,3,90,97,3,3,2,100
352,Bad,60,286,3,81,20,0,0,90.0,2,6,3,21,4,70,1,2,2,55,72,4,8,1,100
353,Good,71,91,5,36,12,0,0,92.0,66,7,8,12,3,67,11,0,0,18,-8,2,2,0,80
354,Good,70,281,8,77,26,0,0,92.0,34,7,8,27,1,35,-8,0,0,55,28,5,2,3,58
355,Bad,84,204,8,72,16,0,0,100.0,-7,7,8,17,1,59,0,0,0,23,54,2,2,-8,67
356,Bad,80,148,3,103,16,0,0,,-7,5,3,16,1,75,3,1,1,47,51,1,6,1,88
357,Good,63,129,6,51,13,0,0,85.0,1,7,8,13,3,46,0,3,2,43,2,4,2,0,75
358,Bad,61,96,3,28,9,1,1,80.0,8,7,8,16,3,40,-7,0,0,26,99,3,2,1,63
359,Good,70,23,17,21,3,0,0,100.0,-7,7,8,4,0,67,-7,0,0,95,78,1,1,-8,100
360,Good,68,142,1,72,55,0,0,100.0,-7,6,8,67,8,45,1,2,2,58,81,9,4,5,59
361,Bad,80,198,19,94,16,0,0,,-7,6,6,16,0,25,0,0,0,25,-8,3,1,2,40
362,Good,55,25,5,14,9,0,0,,-7,6,4,9,5,56,0,1,1,97,93,3,2,2,100
363,Bad,70,88,3,45,38,0,0,97.0,8,6,2,38,3,13,3,2,2,15,45,1,1,0,10
364,Bad,60,199,9,53,23,0,0,74.0,2,7,8,23,1,17,0,1,1,36,88,11,3,1,70
365,Good,59,180,5,55,45,1,1,80.0,0,0,2,49,6,65,1,2,2,20,87,7,4,0,80
366,Bad,72,-8,13,118,19,0,0,,-7,6,6,20,0,35,-7,7,7,50,-8,5,-8,1,100
367,Good,40,177,1,64,4,14,10,29.0,2,4,6,17,3,53,-7,8,8,106,97,1,2,1,100
368,Bad,70,84,1,46,16,0,0,94.0,-7,6,6,23,2,11,0,2,2,86,91,7,1,4,80
369,Good,81,244,3,128,54,0,0,98.0,-8,6,6,56,3,41,0,4,4,25,97,6,3,0,90
370,Good,66,305,36,134,26,1,0,90.0,8,7,8,29,0,28,5,0,0,46,-8,6,2,3,62
371,Good,81,80,10,86,13,0,0,100.0,-7,7,8,19,3,31,-7,0,0,39,-8,5,1,0,100
372,Bad,61,185,5,85,34,0,0,94.0,7,4,6,15,2,26,15,0,0,57,83,16,2,3,95
373,Bad,76,182,0,89,41,0,0,,-7,4,2,44,3,27,0,3,3,40,100,5,4,3,50
375,Bad,62,80,2,47,24,0,0,96.0,59,7,8,25,1,48,0,0,0,73,113,5,5,2,91
376,Bad,76,78,3,70,23,0,0,100.0,-7,7,8,2,5,8,0,2,2,76,-8,5,-8,2,56
377,Good,63,173,4,37,18,0,0,94.0,31,7,8,18,4,22,-7,0,0,54,99,9,2,4,79
378,Bad,69,188,20,80,18,3,3,85.0,23,7,8,3,0,40,-7,5,5,16,-8,5,-8,0,83
380,Good,82,172,0,71,23,0,0,,-7,4,6,24,4,54,0,1,1,4,81,4,3,0,70
381,Bad,70,284,2,71,18,0,0,,-7,4,6,19,4,32,0,10,10,31,100,9,6,0,94
382,Bad,75,52,3,17,10,0,0,,-7,4,4,10,6,60,0,4,4,4,71,1,5,0,75
383,Good,66,210,5,74,31,1,1,97.0,-8,7,8,34,3,67,0,1,1,30,90,3,2,0,56
384,Bad,67,137,1,54,15,0,0,82.0,38,0,2,17,1,24,0,3,2,47,-8,4,1,1,60
385,Bad,72,269,2,86,25,0,0,85.0,0,5,7,26,1,12,0,2,2,1,-8,3,1,0,29
386,Good,67,-8,4,20,17,1,1,,-7,6,6,18,8,17,-7,1,1,10,89,2,2,1,29
387,Good,73,420,97,208,7,0,0,88.0,64,4,5,8,0,25,0,0,0,76,-8,3,-8,2,75
388,Good,59,116,10,70,3,1,1,75.0,11,7,8,4,1,100,0,1,1,-8,77,-8,2,-8,100
389,Good,57,151,22,102,4,6,6,60.0,80,4,6,10,0,100,0,1,1,-8,-8,-8,1,-8,100
390,Bad,65,-8,3,101,19,0,0,90.0,5,7,8,21,3,43,15,0,0,59,-8,4,1,3,50
391,Bad,65,273,5,62,32,0,0,100.0,-7,7,8,51,4,59,-7,2,2,57,88,7,4,3,85
392,Bad,75,312,5,78,26,1,1,,-7,6,6,26,4,31,-7,4,4,10,36,3,2,0,56
393,Good,72,324,11,94,23,0,0,100.0,-7,7,8,23,1,35,8,1,1,43,64,3,4,1,64
394,Bad,81,154,21,73,13,0,0,,-7,6,6,13,0,23,0,0,0,46,-8,4,-8,0,67
395,Bad,57,257,7,81,11,5,3,40.0,7,6,2,15,1,40,0,1,1,11,-8,3,1,0,57
397,Bad,71,197,9,87,12,0,0,77.0,56,7,8,13,1,54,-7,0,0,92,83,2,3,1,83
398,Good,65,157,6,44,13,1,0,93.0,30,7,8,14,4,36,4,1,1,23,80,3,2,-8,67
399,Good,70,154,8,124,9,1,0,70.0,5,7,8,24,1,50,-7,1,1,9,-8,1,1,0,40
400,Bad,66,87,13,38,14,1,1,93.0,29,7,8,16,0,67,0,0,0,48,75,2,3,1,83
401,Bad,81,156,1,77,31,0,0,,-7,6,6,37,2,39,0,4,4,13,-8,1,2,0,33
402,Bad,70,88,16,48,12,0,0,,-7,6,6,12,0,8,0,1,1,79,89,7,1,2,89
403,Good,83,265,6,83,16,0,0,,-7,4,6,16,2,19,5,0,0,13,-8,1,1,0,22
404,Bad,64,223,3,77,21,0,0,100.0,-7,6,8,21,1,10,0,6,6,93,-8,6,1,3,100
405,Bad,64,285,4,134,20,1,1,,-7,6,6,4,1,30,0,6,6,5,-8,4,1,1,75
406,Bad,83,108,14,57,15,0,0,,-7,0,2,15,0,27,0,2,2,6,54,3,2,0,56
407,Good,77,149,3,69,18,0,0,94.0,7,6,2,18,2,72,10,0,0,13,82,1,4,0,71
409,Bad,54,324,3,79,22,6,5,70.0,3,4,6,37,2,37,-7,2,2,12,66,3,4,0,78
410,Good,66,115,7,109,35,0,0,100.0,-7,7,8,3,2,40,-7,1,1,82,67,4,4,3,90
411,Bad,84,241,4,93,17,0,0,95.0,28,7,8,40,3,53,-7,1,1,8,100,2,2,0,67
412,Good,65,390,8,90,10,3,2,71.0,27,7,8,14,1,29,0,4,4,43,-8,2,1,0,75
413,Bad,71,228,5,85,35,0,0,100.0,-7,7,8,40,3,40,-7,4,4,62,23,4,2,1,54
414,Bad,65,82,1,43,25,2,1,97.0,70,1,3,30,3,33,2,4,4,33,53,2,8,1,56
415,Bad,84,196,13,144,48,0,0,,-7,5,2,19,0,36,0,3,2,23,-8,4,1,1,56
416,Good,92,276,11,99,25,0,0,,-7,6,6,28,1,29,6,0,0,0,-8,1,1,0,33
417,Bad,68,113,4,46,13,0,0,,-7,6,5,14,3,50,6,0,0,54,-8,2,3,2,63
418,Bad,85,177,4,63,11,0,0,,-7,3,5,11,2,27,0,0,0,0,89,2,3,0,56
419,Bad,70,116,2,65,26,0,0,96.0,37,6,6,27,4,52,0,2,2,44,70,7,4,0,92
420,Good,87,266,15,137,24,0,0,100.0,-7,7,8,3,0,40,21,0,0,4,-8,4,2,0,46
421,Good,60,252,17,78,17,1,1,100.0,-7,7,8,20,0,50,-7,1,1,85,67,3,3,3,86
422,Good,56,167,7,75,31,0,0,88.0,2,7,8,33,1,42,0,1,1,74,62,11,2,2,93
423,Good,71,404,4,130,26,1,0,81.0,3,7,8,27,1,15,0,0,0,19,49,5,2,1,44
424,Good,76,157,15,93,10,2,1,91.0,40,0,8,11,0,18,-8,0,0,0,-8,0,-8,0,0
425,Good,88,170,3,87,14,0,0,100.0,-7,7,8,15,1,29,2,1,1,1,97,1,2,0,67
426,Good,62,137,23,90,13,0,0,71.0,7,4,6,14,0,7,0,1,1,44,-8,4,-8,3,67
427,Bad,89,148,15,79,11,0,0,100.0,-7,7,8,12,0,33,0,0,0,2,-8,3,1,0,80
428,Bad,47,150,15,78,21,4,2,75.0,2,0,2,28,0,57,0,1,1,77,-8,5,1,2,86
429,Good,67,125,6,57,19,2,0,81.0,12,7,8,22,4,19,23,1,0,16,48,3,3,0,55
430,Bad,82,241,2,93,21,0,0,,-7,6,6,22,1,32,1,1,1,12,98,3,2,1,56
431,Good,56,349,2,83,35,0,0,89.0,21,6,2,38,7,39,0,3,3,74,83,11,5,6,85
432,Bad,79,192,20,122,4,0,0,100.0,-7,7,8,5,0,20,0,3,3,40,53,1,1,1,75
433,Bad,88,-8,10,98,23,0,0,,-7,6,5,38,1,29,-7,2,2,1,35,6,2,0,73
434,Good,80,250,1,76,10,0,0,92.0,-8,7,8,12,1,33,0,2,2,4,7,3,3,1,75
435,Good,76,111,15,63,9,0,0,100.0,-7,7,8,9,0,56,-8,0,0,92,82,2,2,2,100
436,Bad,58,149,4,64,30,0,0,93.0,34,7,8,30,3,37,0,3,3,90,77,7,8,4,83
438,Good,60,92,16,58,19,4,3,78.0,5,7,8,23,0,57,-7,2,2,51,-8,2,1,0,60
440,Bad,60,59,3,31,14,0,0,93.0,-8,6,6,14,4,36,0,5,4,57,48,8,4,1,100
441,Good,62,265,11,90,33,0,0,88.0,4,7,8,33,1,33,-7,0,0,35,48,6,5,1,50
443,Good,74,-8,4,100,8,1,1,88.0,30,7,8,0,1,13,4,1,1,2,-8,1,1,0,43
444,Bad,72,189,2,70,19,0,0,,-7,4,6,22,2,41,-7,3,3,92,-8,6,1,4,78
445,Bad,83,104,15,54,22,0,0,,-7,4,5,22,0,45,0,0,0,57,52,2,3,0,56
446,Good,61,215,14,120,16,0,0,89.0,4,6,5,18,0,39,0,2,2,45,-8,5,1,2,67
447,Good,85,317,21,97,15,0,0,100.0,-7,7,8,31,0,27,-7,1,1,5,-8,3,-8,1,60
448,Bad,80,88,8,48,16,0,0,,-7,4,6,16,2,25,-7,0,0,3,-8,2,1,0,38
450,Good,70,214,1,74,41,0,0,98.0,41,7,8,42,3,21,1,1,1,69,-8,15,3,3,95
451,Bad,92,-8,37,103,19,0,0,,-7,3,2,0,0,26,0,1,1,0,-8,0,-8,0,0
452,Good,77,128,5,67,35,0,0,,-7,6,5,36,2,17,0,1,1,24,100,2,2,1,29
453,Good,59,213,24,90,13,0,0,85.0,5,7,8,14,0,54,1,10,10,104,-8,2,1,2,100
454,Bad,67,234,3,96,43,0,0,,-7,6,6,43,3,12,0,1,1,79,24,23,4,11,87
455,Bad,56,125,4,47,10,0,0,83.0,3,7,8,12,1,17,0,1,1,85,-8,4,1,4,71
456,Bad,70,150,26,165,31,0,0,95.0,1,7,8,10,0,37,1,3,3,7,-8,4,2,0,46
457,Bad,66,134,4,44,13,2,2,93.0,54,6,6,15,1,53,0,1,1,92,60,4,6,1,91
458,Good,70,148,2,79,18,0,0,90.0,26,7,8,21,1,38,-7,3,2,38,100,2,2,2,63
459,Bad,87,228,3,68,31,0,0,,-7,6,6,31,3,29,0,3,3,0,98,1,2,0,33
460,Bad,86,372,14,119,23,0,0,96.0,49,6,5,7,0,26,-8,0,0,8,-8,2,1,0,50
461,Bad,65,143,7,85,13,0,0,93.0,11,3,2,14,2,43,0,0,0,73,76,3,3,2,100
462,Good,88,211,20,103,13,0,0,,-7,6,6,14,0,57,-7,0,0,0,19,2,3,0,71
463,Bad,91,390,22,194,25,0,0,,-7,6,6,25,0,24,-8,0,0,5,-8,4,2,0,86
464,Good,68,298,4,86,19,4,4,89.0,53,4,6,22,2,47,5,1,1,6,85,2,3,0,63
465,Bad,84,106,11,64,22,0,0,,-7,4,6,23,1,26,0,1,1,0,-8,0,-8,0,0
466,Good,50,144,7,74,36,3,2,86.0,1,6,6,42,1,52,0,0,0,92,45,7,4,2,92
467,Good,68,180,7,72,24,0,0,92.0,35,7,8,35,1,56,3,1,1,48,43,3,3,1,86
468,Bad,80,261,8,104,22,0,0,100.0,-7,7,8,22,1,59,-7,1,1,39,76,3,2,1,71
469,Bad,86,237,17,88,13,0,0,,-7,4,6,14,0,43,-8,0,0,6,-8,2,2,0,80
470,Good,47,204,16,100,25,2,2,89.0,1,7,8,28,0,21,-7,1,0,76,-8,9,1,3,85
471,Good,68,377,10,81,16,1,0,90.0,58,7,8,21,3,29,0,2,1,54,35,8,2,1,85
472,Bad,79,121,44,72,11,0,0,91.0,30,4,6,11,0,55,-7,0,0,11,-8,1,1,0,67
475,Bad,76,188,7,56,24,0,0,,-7,6,6,24,1,42,13,0,0,47,-8,5,1,1,55
476,Good,64,162,5,73,4,3,3,67.0,54,7,8,7,1,33,0,1,1,57,-8,2,1,0,100
477,Bad,69,208,5,61,48,1,1,98.0,36,7,8,53,6,26,0,3,3,78,93,8,4,3,75
478,Good,60,159,6,69,15,0,0,73.0,2,4,6,22,1,33,13,0,0,62,42,4,3,2,88
479,Bad,87,122,2,121,12,0,0,100.0,-7,7,8,3,3,31,2,2,2,6,-8,3,1,0,50
480,Bad,65,116,3,39,22,0,0,95.0,15,4,6,22,3,32,0,1,1,50,47,5,4,1,69
482,Good,77,147,3,72,29,0,0,93.0,52,4,6,30,3,37,0,2,2,31,74,3,4,0,70
483,Bad,58,223,3,106,24,2,2,89.0,0,6,3,27,5,37,0,1,1,31,93,4,4,0,67
484,Bad,71,410,4,53,19,0,0,84.0,22,6,6,23,2,42,-7,2,2,40,38,4,4,0,75
485,Good,74,274,2,66,23,0,0,100.0,-7,7,8,28,4,39,0,2,2,18,65,3,5,1,67
486,Good,65,206,5,68,30,0,0,97.0,6,6,6,68,1,39,1,1,1,63,73,6,3,1,100
487,Bad,73,347,6,140,32,0,0,,-7,4,6,32,1,9,-8,0,0,41,-8,15,1,6,74
488,Good,88,74,2,120,23,0,0,100.0,-7,7,8,13,2,25,3,1,1,2,61,3,1,0,56
489,Good,81,206,1,103,30,0,0,100.0,-7,7,8,34,4,52,5,0,0,16,93,4,7,1,61
490,Good,75,160,17,39,10,0,0,,-7,6,6,8,0,36,-7,0,0,62,56,3,2,1,100
491,Bad,58,107,16,45,13,1,1,79.0,3,7,8,13,0,21,-7,1,1,42,55,4,2,0,55
492,Bad,77,90,10,41,3,0,0,,-7,0,2,3,1,67,0,0,0,26,83,1,2,0,100
494,Bad,76,125,1,84,39,0,0,,-7,6,6,9,8,20,0,5,5,10,100,8,3,1,44
495,Good,86,191,3,77,38,0,0,100.0,-7,7,8,40,3,58,5,0,0,6,-8,4,2,1,55
496,Good,83,154,4,57,13,0,0,93.0,-8,7,8,14,1,43,0,0,0,4,80,1,4,1,45
497,Bad,64,56,40,47,2,2,0,50.0,20,0,6,4,0,50,0,0,0,-8,23,-8,2,-8,100
498,Bad,80,216,6,84,33,0,0,,-7,6,5,33,2,27,0,4,4,2,140,3,1,0,57
499,Good,71,155,1,71,24,0,0,,-7,6,6,25,3,32,3,3,3,54,-8,3,1,1,100
500,Good,69,194,4,63,41,0,0,95.0,15,7,8,41,5,29,0,2,2,0,99,3,4,0,35
501,Good,76,98,9,58,15,0,0,69.0,6,7,8,16,1,44,0,1,1,2,-8,2,3,1,75
502,Good,79,147,5,50,34,0,0,100.0,-7,7,8,34,7,15,0,1,1,1,44,2,2,0,18
503,Good,68,385,21,83,20,1,1,95.0,12,6,2,22,0,36,10,0,0,56,-8,6,2,2,80
504,Bad,83,159,10,66,23,0,0,96.0,32,6,3,25,3,32,10,0,0,7,-8,2,2,0,80
505,Bad,77,414,9,109,15,1,1,94.0,30,4,6,16,1,19,4,1,1,9,-8,2,-8,0,29
506,Good,55,234,13,83,20,1,0,70.0,1,7,8,24,0,22,4,3,3,46,24,8,3,2,72
507,Bad,74,170,2,10,3,0,0,,-7,6,6,24,3,25,0,3,3,2,-8,2,1,0,75
509,Good,73,164,17,87,20,1,0,91.0,23,4,6,22,0,50,-7,2,2,35,-8,2,1,0,43
510,Good,89,379,156,257,3,0,0,,-7,6,6,3,0,33,-7,0,0,0,-8,0,-8,-8,0
511,Bad,63,110,4,38,4,0,0,80.0,15,4,3,5,2,60,0,3,3,63,87,1,2,0,100
512,Good,57,35,7,16,10,0,0,,-7,6,6,10,4,30,0,2,2,81,85,6,2,2,89
513,Bad,76,270,5,97,19,3,3,95.0,62,6,8,5,1,35,5,0,0,2,70,4,3,0,58
514,Bad,77,213,4,96,45,0,0,96.0,33,4,6,47,3,23,0,2,2,11,-8,4,-8,0,31
515,Good,54,40,6,23,7,0,0,86.0,14,7,8,7,1,57,0,2,2,89,74,3,3,-8,100
516,Good,83,158,4,80,34,0,0,100.0,-7,7,8,10,3,21,11,0,0,3,-8,5,3,0,35
517,Good,54,87,2,22,33,0,0,,-7,6,7,34,11,24,-7,5,5,38,90,17,2,2,79
518,Good,70,105,5,38,12,1,1,100.0,-7,7,8,13,1,17,0,1,1,21,-8,3,1,0,57
519,Bad,75,140,7,56,21,0,0,,-7,4,2,22,1,27,0,1,1,20,63,3,2,1,56
520,Good,83,157,4,94,19,0,0,100.0,-7,7,8,19,1,32,22,0,0,20,-8,2,1,1,50
522,Good,73,123,9,68,41,2,2,95.0,59,7,8,43,1,56,0,1,1,37,115,4,19,1,77
523,Good,57,92,29,65,5,2,2,67.0,27,7,8,7,0,50,0,1,1,28,-8,2,1,-8,75
524,Good,71,84,0,38,21,0,0,96.0,28,7,8,25,3,16,9,0,0,35,84,4,3,2,67
525,Good,70,261,2,29,30,1,1,,-7,6,6,31,8,42,2,1,1,6,98,3,3,0,40
526,Bad,61,232,6,77,9,1,0,64.0,15,6,5,11,4,36,4,1,1,76,-8,2,1,1,60
527,Good,65,53,4,27,16,0,0,100.0,-7,7,8,16,5,44,0,2,2,73,79,5,4,2,100
528,Good,77,140,2,73,15,0,0,88.0,12,7,8,17,2,53,0,1,1,17,64,2,4,-8,67
529,Good,81,170,2,65,23,0,0,92.0,64,6,6,24,1,33,0,0,0,11,-8,2,2,0,33
530,Bad,74,158,2,58,36,1,1,97.0,-8,4,6,40,5,45,0,0,0,0,92,1,3,-8,57
531,Good,65,385,4,101,36,0,0,84.0,4,7,8,39,3,21,0,0,0,16,85,9,2,1,52
532,Good,90,324,4,110,13,0,0,,-7,6,3,13,1,54,0,1,1,8,41,2,3,0,83
533,Good,66,290,6,118,40,1,0,86.0,21,6,6,42,2,31,5,0,0,79,76,11,2,5,82
534,Good,86,289,18,91,38,0,0,,-7,6,2,38,0,13,0,0,0,7,16,6,3,1,41
535,Bad,60,255,2,99,9,1,0,50.0,4,3,5,14,1,43,0,1,1,64,56,4,4,2,80
536,Good,69,51,13,27,4,0,0,100.0,-7,7,8,4,0,75,0,0,0,97,-8,1,1,-8,100
537,Good,74,219,3,90,42,0,0,96.0,6,7,8,49,3,33,1,6,5,19,59,4,4,0,75
538,Good,68,334,3,98,24,0,0,,-7,6,5,42,1,21,2,2,2,88,-8,5,2,3,88
539,Good,75,385,5,80,52,1,0,98.0,23,7,8,56,2,41,5,1,1,15,67,9,3,0,54
540,Bad,74,236,30,93,17,0,0,94.0,74,6,6,18,0,29,0,1,1,47,18,2,2,1,50
541,Bad,84,283,12,95,13,0,0,100.0,-7,7,8,15,0,43,1,3,3,8,53,1,2,0,43
542,Good,59,207,12,56,15,0,0,81.0,4,6,2,16,0,69,0,1,1,32,79,2,2,1,80
543,Good,81,209,12,78,21,0,0,,-7,6,6,7,0,18,5,1,1,12,40,6,2,1,62
545,Bad,88,206,3,81,31,0,0,,-7,6,6,33,3,67,0,1,1,26,88,2,6,0,89
546,Good,66,290,11,136,20,0,0,96.0,9,7,8,23,1,43,0,2,2,51,65,5,3,2,90
547,Bad,55,174,19,86,9,1,0,70.0,2,7,8,10,0,20,0,0,0,50,75,3,1,3,57
548,Bad,65,96,20,88,16,1,1,82.0,5,7,8,8,0,29,-7,0,0,50,12,4,2,1,64
549,Good,77,54,12,32,3,0,0,100.0,-7,7,8,4,0,33,-7,2,1,25,-8,2,-8,0,100
550,Good,56,255,4,101,27,0,0,76.0,1,7,8,29,2,45,0,2,2,78,45,7,2,4,75
551,Bad,76,174,12,77,45,0,0,98.0,-7,4,5,48,0,40,0,6,6,19,83,2,3,1,38
552,Good,66,139,11,80,7,0,0,,-7,6,4,8,1,25,0,0,0,86,-8,2,1,2,100
553,Bad,74,206,5,88,47,0,0,98.0,-8,6,4,49,2,22,23,0,0,39,69,6,3,2,45
554,Bad,72,186,4,83,22,1,1,80.0,12,6,6,26,1,16,4,1,1,68,27,4,2,2,50
555,Bad,75,278,3,93,17,0,0,100.0,-7,6,8,17,4,47,2,2,2,43,-8,3,-8,1,100
556,Bad,50,118,18,75,3,3,3,43.0,14,6,5,7,0,29,0,5,5,154,69,1,1,1,100
557,Bad,58,122,4,55,38,1,1,98.0,2,7,8,41,5,44,0,3,3,4,94,3,3,0,46
558,Bad,69,141,4,49,27,0,0,,-7,6,6,28,2,33,-7,0,0,24,56,6,3,1,64
559,Good,77,273,3,98,26,0,0,96.0,6,6,6,28,1,39,-8,0,0,11,-8,2,1,2,33
560,Good,77,130,5,66,22,2,0,92.0,31,6,6,32,3,29,-7,3,3,8,100,1,3,0,71
561,Bad,74,155,9,89,43,0,0,,-7,4,6,10,3,14,9,1,1,59,43,7,3,2,63
562,Bad,59,168,3,38,21,0,0,100.0,-7,7,8,21,12,38,0,1,1,85,90,10,5,4,94
563,Good,59,174,3,62,44,0,0,,-7,5,5,38,5,20,-7,3,3,71,-8,13,2,6,75
564,Good,69,74,72,73,2,1,1,100.0,-7,7,8,2,0,100,0,0,0,-8,4,-8,1,-8,100
565,Bad,65,369,25,145,40,3,3,91.0,19,4,5,45,0,36,0,2,2,83,46,13,4,6,89
566,Bad,86,340,4,71,27,0,0,100.0,-7,7,8,35,2,19,4,1,1,14,83,8,1,0,75
567,Bad,68,178,3,85,21,0,0,,-7,4,6,22,3,43,2,7,7,66,3,3,3,1,100
568,Bad,79,163,4,67,33,0,0,97.0,41,7,8,33,1,18,4,1,1,16,-8,3,1,0,40
569,Good,76,129,11,52,10,0,0,,-7,6,5,10,1,60,0,1,1,6,95,2,3,-8,83
570,Bad,69,191,2,70,28,0,0,86.0,42,6,6,29,2,21,13,0,0,41,87,10,2,1,67
571,Good,61,283,6,71,46,0,0,96.0,1,7,8,47,2,23,0,2,2,30,-8,4,1,2,36
572,Bad,69,402,26,139,15,0,0,93.0,4,4,6,15,0,53,0,2,2,46,68,5,2,0,100
575,Good,70,122,1,64,26,1,1,97.0,3,7,8,12,3,30,9,0,0,20,100,3,2,0,38
576,Bad,67,140,12,80,11,0,0,73.0,17,6,6,11,0,55,12,0,0,87,-8,4,1,3,100
577,Good,80,51,30,41,9,0,0,100.0,-7,7,8,9,0,33,8,0,0,18,-8,2,1,1,60
578,Bad,77,464,31,138,16,1,1,94.0,50,4,6,16,0,31,-7,0,0,11,-8,3,2,0,71
579,Bad,70,132,2,68,40,0,0,98.0,32,3,5,30,6,19,1,5,5,32,-8,5,2,1,41
580,Bad,62,251,19,92,41,1,1,98.0,10,0,2,53,0,15,0,3,3,83,-8,17,1,11,72
581,Bad,43,137,2,46,5,5,3,55.0,3,7,8,11,3,55,0,3,3,94,88,2,2,2,80
582,Bad,77,177,12,75,7,1,1,89.0,19,4,6,9,0,22,-7,2,2,1,-8,1,-8,0,25
583,Good,81,162,23,89,26,0,0,,-7,6,7,26,0,31,3,1,1,11,58,1,2,0,33
584,Bad,81,194,11,91,17,0,0,100.0,-7,7,8,17,1,41,3,2,2,79,50,1,1,1,100
585,Good,89,199,11,81,15,0,0,,-7,6,6,15,2,40,-8,0,0,6,-8,3,1,0,57
586,Good,79,224,2,83,15,1,0,83.0,12,6,3,18,1,11,-7,0,0,0,-8,1,1,0,25
587,Bad,86,-8,4,113,23,0,0,100.0,-7,7,8,0,2,35,1,3,3,29,85,4,3,0,88
588,Bad,66,432,4,132,23,1,1,92.0,1,6,2,26,1,19,17,0,0,1,94,7,1,0,73
590,Good,58,71,8,36,9,0,0,78.0,2,1,3,9,1,67,0,3,3,93,82,1,2,1,100
591,Good,62,233,7,72,8,1,0,78.0,47,7,8,9,2,44,0,0,0,95,85,3,2,3,100
592,Good,80,263,3,79,30,0,0,,-7,4,6,30,2,43,1,3,3,9,90,3,2,1,38
593,Good,83,150,9,64,27,0,0,,-7,6,5,28,1,32,0,2,2,13,2,2,2,0,40
594,Good,74,273,5,73,39,0,0,98.0,5,7,8,40,3,43,0,1,0,3,138,2,7,0,45
595,Bad,69,51,4,20,6,2,2,86.0,54,7,8,9,3,43,0,3,3,48,71,3,2,0,100
596,Bad,91,240,22,118,8,0,0,100.0,-7,7,8,8,0,0,0,0,0,5,-8,3,-8,0,50
597,Bad,67,130,5,25,10,0,0,100.0,-7,6,8,12,4,25,0,0,0,95,90,6,2,2,89
598,Bad,66,133,6,77,23,0,0,,-7,6,2,26,2,42,0,3,3,105,94,6,2,6,100
599,Good,75,181,14,63,38,0,0,100.0,-7,7,8,39,0,28,-7,0,0,35,83,4,3,2,50
600,Bad,62,282,13,99,24,4,3,70.0,18,7,8,31,0,26,0,0,0,29,-8,4,1,1,45
601,Good,67,246,2,58,17,1,1,95.0,43,6,6,19,7,37,1,2,2,60,95,5,3,1,73
602,Bad,68,132,9,65,34,0,0,100.0,-7,7,8,36,2,38,6,0,0,50,88,6,2,4,62
603,Good,70,193,2,57,22,0,0,,-7,6,6,23,2,22,18,0,0,53,80,6,4,1,63
604,Bad,79,97,9,44,26,0,0,96.0,60,4,6,26,1,12,5,0,0,5,-8,5,1,0,33
605,Good,78,299,3,102,26,0,0,90.0,14,4,6,31,1,35,0,0,0,7,38,2,2,0,45
606,Bad,68,186,1,82,22,0,0,96.0,49,4,6,24,5,29,-7,4,4,55,93,8,5,2,81
607,Good,80,266,7,98,15,0,0,100.0,-7,7,8,17,1,35,2,1,1,46,-8,1,1,1,40
608,Good,63,212,3,62,16,2,0,72.0,12,0,2,20,1,44,-7,2,2,66,89,3,5,2,73
609,Bad,78,41,3,16,3,0,0,,-7,5,6,3,2,67,-7,16,16,0,-8,0,1,-8,50
610,Good,71,154,1,62,7,0,0,90.0,1,7,8,27,2,40,-7,3,2,14,-8,3,1,0,80
611,Good,80,187,4,71,39,0,0,,-7,6,6,26,1,15,-7,1,1,4,77,8,2,0,48
612,Good,58,212,15,44,8,2,2,,-7,6,6,4,0,63,-7,2,2,60,61,3,3,1,100
613,Bad,78,281,1,98,44,0,0,,-7,0,6,48,4,31,0,1,1,24,19,7,1,2,50
614,Good,65,265,11,64,16,0,0,88.0,37,3,2,17,1,24,0,1,1,76,-8,8,1,2,100
615,Good,77,192,5,83,22,0,0,96.0,50,6,6,23,1,39,0,2,2,29,37,4,3,1,54
616,Good,65,172,4,68,28,1,0,66.0,22,7,8,29,2,28,0,3,3,45,80,8,2,1,71
617,Good,70,373,4,101,23,0,0,96.0,7,7,8,25,4,52,0,5,5,49,100,2,1,0,75
618,Good,67,212,4,79,18,0,0,100.0,-7,7,8,18,5,22,0,3,3,81,30,7,1,5,82
619,Good,61,203,10,57,3,0,0,80.0,12,6,5,5,1,0,-7,0,0,104,-8,3,-8,1,100
620,Good,73,222,4,96,22,1,1,83.0,34,7,8,23,1,30,1,2,2,5,92,1,2,0,43
621,Good,64,130,1,33,13,0,0,,-7,2,4,14,6,0,4,1,1,64,-8,7,-8,3,78
622,Good,66,344,4,102,16,1,1,79.0,45,7,8,19,3,26,4,1,1,54,45,4,2,1,70
623,Bad,80,132,3,51,13,0,0,92.0,-8,4,6,13,1,46,1,4,4,2,77,1,3,0,100
624,Bad,69,180,2,99,27,0,0,,-7,6,5,19,1,20,2,3,3,81,-8,5,1,3,78
625,Bad,89,441,75,194,12,0,0,100.0,-7,7,8,13,0,25,9,0,0,5,-8,2,1,0,43
626,Good,61,82,2,44,24,0,0,100.0,-7,7,8,27,1,12,0,10,10,82,60,6,2,5,73
627,Bad,57,164,7,62,16,1,1,72.0,2,4,6,19,2,47,0,1,1,67,62,5,2,3,100
628,Bad,84,149,13,80,13,0,0,,-7,6,2,13,0,85,0,1,1,0,87,0,2,-8,67
629,Good,80,188,11,71,36,0,0,100.0,-7,7,8,36,2,39,0,7,7,15,-8,1,1,0,25
630,Bad,88,168,3,89,20,0,0,100.0,-7,7,8,11,1,20,20,1,1,5,-8,3,-8,0,43
631,Bad,75,209,6,98,33,0,0,97.0,53,7,8,33,3,33,-7,0,0,25,69,4,3,1,47
632,Good,89,496,8,140,20,0,0,100.0,-7,7,8,22,1,0,0,2,1,7,-8,3,-8,0,27
633,Bad,66,67,13,66,33,0,0,97.0,56,6,3,7,0,39,-7,2,2,59,63,12,4,2,84
634,Bad,70,275,2,110,28,14,14,68.0,13,6,3,44,3,55,-7,0,0,31,89,3,2,1,50
635,Bad,65,406,1,72,30,1,1,100.0,-7,7,8,40,5,48,2,2,2,47,65,6,5,0,79
636,Good,60,190,3,79,22,1,1,88.0,38,7,8,24,4,38,5,2,2,59,54,6,3,3,100
637,Bad,70,117,3,50,18,0,0,89.0,15,6,6,18,4,50,7,0,0,42,83,2,3,0,63
638,Good,70,457,3,112,10,1,1,90.0,73,6,6,10,4,40,0,3,3,83,92,1,3,1,100
639,Good,64,345,4,111,34,0,0,94.0,2,6,6,34,3,18,9,0,0,53,-8,10,1,1,69
640,Good,78,130,7,54,22,0,0,100.0,-7,7,8,23,2,30,-7,0,0,24,90,3,3,0,67
641,Bad,58,184,7,66,39,9,2,85.0,22,6,5,57,3,44,0,3,3,95,78,5,4,3,100
642,Bad,58,285,2,75,30,2,2,91.0,14,7,8,34,2,12,0,0,0,80,57,12,4,5,59
643,Bad,70,327,4,82,37,0,0,,-7,4,6,37,4,16,0,3,2,31,88,7,3,3,56
644,Good,73,105,12,14,3,0,0,100.0,-7,7,8,8,0,0,3,1,1,54,-8,2,-8,0,67
645,Bad,66,186,9,61,24,1,1,100.0,-7,6,8,27,1,63,0,0,0,79,85,6,6,3,100
646,Bad,69,404,28,168,12,1,1,79.0,7,7,8,15,0,29,8,0,0,55,-8,2,1,1,67
647,Bad,91,355,18,200,8,0,0,,-7,6,6,11,0,13,-8,0,0,8,-8,2,-8,0,40
648,Bad,62,150,3,66,40,3,0,91.0,2,6,6,45,3,20,0,3,3,49,62,11,3,2,50
649,Bad,91,429,59,161,9,0,0,,-7,6,5,9,0,11,-8,0,0,9,-8,2,-8,0,50
650,Bad,62,143,5,53,35,1,0,92.0,1,4,6,36,5,33,0,2,0,3,18,3,2,0,33
651,Bad,72,72,8,39,18,0,0,100.0,-7,7,8,18,2,28,0,2,2,73,-8,3,1,0,100
652,Bad,89,182,47,100,8,0,0,,-7,6,6,8,0,38,-7,2,2,4,-8,2,1,0,60
653,Bad,68,216,4,91,23,1,1,88.0,52,6,2,26,6,54,-7,2,2,42,90,6,2,1,80
654,Good,84,-8,7,91,17,0,0,100.0,-7,7,8,0,3,35,3,1,1,11,48,4,2,0,55
655,Bad,85,328,39,132,7,0,0,,-7,6,3,7,0,43,1,1,1,0,-8,1,1,-8,50
656,Bad,74,319,5,68,22,0,0,,-7,6,6,30,2,23,-7,3,3,39,90,3,2,1,75
657,Good,59,247,4,92,31,4,3,97.0,44,7,8,33,3,21,2,4,3,53,-8,5,1,3,47
658,Good,89,485,66,196,6,0,0,100.0,-7,7,8,6,0,17,-8,0,0,6,-8,1,-8,0,33
659,Bad,89,154,8,78,6,0,0,100.0,-7,7,8,6,1,17,0,0,0,9,-8,1,1,0,50
660,Bad,64,194,8,76,24,1,1,88.0,9,4,3,26,2,48,-7,0,0,69,77,7,6,6,76
661,Good,75,212,23,105,11,0,0,82.0,21,7,8,11,0,45,-7,1,1,13,-8,1,1,0,100
662,Good,76,192,1,67,36,0,0,100.0,-7,7,8,37,4,35,5,2,1,5,-8,4,2,1,60
663,Good,66,-8,17,114,15,4,3,68.0,8,6,7,0,0,42,-7,0,0,8,75,3,2,0,83
664,Good,81,160,6,67,33,0,0,,-7,6,6,33,2,21,0,0,0,15,91,2,3,0,43
665,Bad,82,317,28,133,15,0,0,100.0,-7,7,8,15,0,47,0,1,1,19,5,1,2,0,50
666,Bad,66,174,1,75,38,0,0,,-7,6,6,40,5,40,-7,6,6,77,60,4,8,3,75
667,Bad,82,270,30,89,12,0,0,,-7,6,3,12,0,42,0,0,0,44,6,3,2,0,71
668,Good,68,132,4,49,16,1,1,94.0,19,6,8,16,1,50,0,3,3,50,76,5,2,0,88
669,Good,67,189,13,111,8,4,4,70.0,68,0,6,10,0,50,0,1,1,97,-8,1,1,1,100
670,Bad,64,-8,6,65,31,1,1,88.0,3,6,6,0,2,44,6,1,0,28,87,6,5,1,65
671,Bad,65,150,1,50,23,0,0,92.0,3,6,6,26,2,46,10,0,0,33,100,2,3,1,50
672,Good,91,181,17,60,8,0,0,,-7,4,6,9,0,38,0,1,1,0,-8,2,1,0,60
673,Good,74,197,1,93,31,1,0,86.0,29,7,8,35,3,26,0,2,2,28,27,2,4,0,40
675,Bad,60,199,28,93,11,4,2,73.0,6,0,5,15,0,53,0,0,0,34,61,1,3,0,50
676,Bad,76,66,2,31,5,0,0,,-7,6,2,7,3,0,0,1,1,47,-8,3,-8,2,100
677,Good,81,176,5,78,37,0,0,100.0,-7,7,8,36,4,37,-7,2,2,0,80,2,3,0,42
678,Bad,84,294,5,119,44,0,0,100.0,-7,7,8,47,3,68,0,2,2,4,67,5,8,2,76
679,Bad,82,231,13,158,15,0,0,100.0,-7,6,8,17,0,24,-7,1,1,31,-8,4,1,1,56
680,Bad,78,283,3,124,33,0,0,,-7,1,3,37,1,19,3,1,1,77,-8,18,3,16,92
681,Good,75,197,2,95,20,0,0,95.0,62,7,8,21,2,24,-7,2,2,48,99,4,3,1,78
682,Bad,89,256,3,100,19,0,0,,-7,3,2,27,2,47,-7,1,1,0,73,0,4,0,57
683,Good,85,128,2,62,17,0,0,100.0,-7,7,8,19,3,61,-7,5,5,2,93,1,2,0,75
684,Good,61,46,1,18,20,0,0,,-7,3,5,21,5,14,2,2,2,51,60,13,2,2,84
686,Bad,73,185,3,65,27,0,0,100.0,-7,7,8,27,4,48,0,5,5,46,26,5,4,1,69
688,Bad,75,364,12,123,43,0,0,98.0,24,7,8,43,0,26,2,1,1,1,31,7,2,1,45
689,Bad,82,273,30,141,15,1,0,94.0,36,6,2,17,0,29,0,1,0,6,-8,2,1,0,57
691,Good,74,65,2,34,6,0,0,100.0,-7,7,8,9,2,11,0,3,3,56,100,2,1,1,75
692,Bad,93,343,18,162,15,0,0,100.0,-7,7,8,14,0,13,-8,0,0,1,-8,2,2,0,33
693,Bad,63,103,4,32,13,1,1,100.0,-7,7,8,14,4,85,0,1,1,68,93,2,3,-8,100
694,Good,76,266,5,98,27,0,0,97.0,10,6,5,31,2,42,0,0,0,8,81,5,4,1,56
695,Good,75,160,4,57,30,0,0,100.0,-7,7,8,31,5,55,0,2,2,7,85,3,9,0,86
696,Good,83,464,12,153,16,0,0,94.0,19,7,8,16,0,19,0,1,1,18,27,2,1,0,75
697,Bad,85,277,15,91,8,0,0,,-7,4,2,8,0,25,22,0,0,36,-8,5,-8,0,100
698,Bad,82,194,4,102,26,0,0,,-7,6,6,15,2,35,-8,2,0,12,51,3,3,0,67
699,Bad,61,187,6,54,26,0,0,88.0,47,7,8,26,1,42,0,1,1,66,76,3,3,2,75
700,Good,77,297,7,131,29,0,0,97.0,5,3,2,23,3,55,10,0,0,8,68,5,3,0,90
701,Bad,70,210,9,65,10,2,2,90.0,17,7,8,10,1,40,-8,0,0,40,48,3,3,1,86
702,Bad,63,264,5,41,16,1,1,94.0,3,6,8,16,3,47,-7,0,0,27,74,4,3,0,73
703,Good,73,311,7,77,13,0,0,100.0,-7,7,8,13,2,46,0,0,0,69,93,5,2,2,88
704,Good,65,248,2,77,28,3,1,84.0,30,7,8,33,3,53,-7,0,0,31,34,8,4,1,80
705,Bad,58,118,5,48,23,3,2,73.0,15,6,6,28,7,77,0,1,1,2,100,1,3,-8,80
706,Bad,67,255,1,104,41,6,6,88.0,12,6,3,48,1,21,0,1,1,30,59,3,4,1,39
707,Bad,78,188,25,69,17,0,0,83.0,22,2,4,18,0,44,0,0,0,6,43,1,4,0,71
708,Bad,68,295,3,107,20,0,0,90.0,2,4,6,21,1,24,0,1,1,32,-8,4,1,2,56
709,Good,69,84,4,97,12,0,0,71.0,28,7,8,3,2,21,-7,1,1,54,-8,3,1,2,56
710,Bad,66,174,6,72,29,3,2,87.0,16,6,5,32,2,19,0,1,0,37,87,9,2,4,65
711,Bad,80,372,13,71,9,0,0,,-7,6,6,14,0,33,0,4,4,35,-8,1,1,1,29
712,Bad,80,101,3,55,23,0,0,,-7,4,2,23,1,17,0,1,1,1,-8,6,2,1,67
713,Bad,82,234,4,90,36,0,0,97.0,28,7,8,17,4,29,7,0,0,14,62,4,1,1,50
714,Bad,52,266,2,103,18,5,5,76.0,2,7,8,23,4,33,7,0,0,52,46,5,3,1,82
715,Good,75,162,8,77,40,0,0,100.0,-7,7,8,42,1,20,7,0,0,27,-8,5,2,1,64
716,Good,80,138,4,61,18,0,0,94.0,39,7,8,18,2,11,17,1,0,0,-8,2,-8,1,29
717,Bad,70,156,5,58,3,0,0,100.0,-7,7,8,3,1,33,1,2,2,95,88,1,1,-8,100
718,Bad,73,337,4,110,6,2,0,67.0,26,6,6,9,2,67,0,1,1,-8,82,-8,3,-8,100
719,Good,77,148,27,96,13,0,0,100.0,-7,7,8,14,0,50,0,2,2,75,-8,1,1,0,100
720,Good,78,191,16,100,10,2,2,91.0,55,7,8,11,0,45,0,0,0,5,-8,2,1,0,75
721,Good,67,419,1,73,37,0,0,92.0,13,7,8,44,6,33,3,1,1,12,91,8,3,0,69
722,Bad,85,269,18,145,20,0,0,100.0,-7,7,8,20,0,25,10,0,0,20,-8,5,1,0,64
723,Good,64,296,5,71,28,0,0,73.0,4,7,8,30,1,23,0,1,1,44,76,5,3,1,73
724,Good,72,230,21,113,17,0,0,100.0,-7,7,8,17,0,41,10,0,0,75,-8,7,1,2,89
725,Good,80,99,9,52,12,0,0,,-7,6,6,12,2,8,1,1,1,10,-8,1,-8,0,14
726,Bad,56,105,5,43,16,0,0,94.0,5,6,5,16,1,69,2,2,2,101,84,2,4,1,86
727,Good,82,213,3,79,9,0,0,100.0,-7,7,8,9,1,22,0,2,2,42,54,2,2,1,50
728,Good,80,202,12,85,25,0,0,100.0,-7,7,8,43,0,32,0,2,2,3,6,2,4,0,86
729,Good,62,116,9,70,15,6,4,65.0,23,7,8,20,1,25,-7,4,4,8,60,2,2,0,67
730,Bad,65,102,69,86,6,3,3,33.0,3,7,8,9,0,0,13,0,0,8,-8,1,-8,0,33
731,Good,60,141,50,94,13,2,2,73.0,4,4,6,15,0,27,0,0,0,61,-8,2,1,0,100
732,Bad,72,294,5,75,20,0,0,95.0,46,7,8,21,3,62,7,0,0,57,50,6,4,2,91
733,Bad,72,317,3,62,34,0,0,94.0,16,6,6,35,4,6,0,1,1,18,-8,4,1,1,42
734,Good,82,153,9,54,18,0,0,100.0,-7,7,8,18,1,44,14,0,0,9,-8,2,1,0,38
735,Good,87,117,6,67,11,0,0,100.0,-7,7,8,12,1,8,1,4,4,3,-8,3,1,0,67
736,Bad,79,125,9,57,29,0,0,,-7,6,6,33,1,45,-7,1,1,1,71,1,4,0,45
738,Good,86,126,3,51,36,0,0,,-7,4,6,27,2,6,13,0,0,1,-8,4,-8,0,24
739,Good,74,157,9,43,19,0,0,,-7,6,6,2,2,25,-7,0,0,36,62,5,3,0,67
740,Good,90,177,23,112,10,0,0,,-7,0,2,10,0,20,-8,0,0,0,-8,2,-8,0,67
742,Bad,81,303,17,103,6,0,0,86.0,25,7,8,7,0,14,0,0,0,26,-8,1,1,0,40
743,Bad,69,215,15,89,24,0,0,96.0,4,5,3,24,0,33,0,3,3,42,-8,2,1,1,38
744,Bad,82,300,32,117,22,0,0,,-7,6,5,23,0,22,0,1,1,41,43,3,2,1,63
745,Good,82,156,21,84,12,0,0,,-7,6,6,12,0,42,0,0,0,73,68,3,2,0,100
746,Good,62,120,34,74,4,0,0,40.0,4,6,6,5,0,0,0,2,1,59,-8,1,-8,-8,25
747,Good,64,46,3,31,4,5,5,,-7,4,6,5,1,20,2,1,1,2,-8,1,1,0,67
748,Bad,58,183,32,95,8,8,8,67.0,3,6,6,5,0,0,-8,0,0,0,-8,0,-8,0,25
749,Bad,87,151,5,82,29,0,0,,-7,6,4,33,3,73,10,0,0,9,60,1,6,0,70
750,Good,61,112,3,32,29,0,0,100.0,-7,7,8,31,7,77,0,5,5,88,82,7,4,3,100
751,Good,89,151,20,87,14,0,0,100.0,-7,7,8,14,0,50,-8,0,0,9,-8,1,2,0,60
752,Good,82,488,5,116,43,0,0,,-7,6,6,42,3,18,-7,0,0,3,-8,5,-8,1,23
754,Good,56,311,10,99,31,10,10,86.0,4,4,4,36,2,46,0,2,2,44,75,4,2,1,64
755,Good,71,383,8,76,19,2,2,86.0,11,7,8,24,1,29,2,1,1,26,79,4,2,1,67
756,Good,64,150,8,48,23,0,0,96.0,23,6,6,23,2,61,0,2,2,65,96,2,6,1,73
757,Good,79,334,2,76,21,0,0,100.0,-7,7,8,22,4,27,0,3,3,35,88,6,2,1,73
758,Good,82,257,4,86,19,0,0,,-7,6,5,19,1,5,0,2,2,20,92,3,1,0,56
759,Good,64,145,2,54,28,0,0,100.0,-7,7,8,29,5,66,-7,4,3,74,59,5,4,2,82
760,Bad,67,265,4,97,11,5,5,77.0,13,6,2,13,2,54,0,4,3,10,-8,1,1,-8,67
761,Good,70,297,2,140,16,0,0,,-7,6,6,12,1,24,16,0,0,71,48,8,2,3,100
762,Bad,70,185,11,75,36,0,0,97.0,72,7,8,37,1,41,1,3,3,67,60,12,5,5,85
763,Bad,57,27,1,11,5,1,1,,-7,4,6,6,3,33,1,21,21,16,-8,1,2,1,60
764,Good,64,329,11,102,36,2,2,100.0,-7,7,8,38,3,34,0,3,3,3,-8,2,2,0,33
766,Bad,70,300,2,68,33,0,0,94.0,13,7,8,34,1,26,0,2,1,4,69,5,5,4,69
768,Bad,75,152,1,66,21,0,0,,-7,4,6,22,3,36,0,1,1,32,96,5,3,2,62
769,Good,84,159,13,80,22,0,0,100.0,-7,7,8,22,0,18,0,2,2,1,-8,2,1,1,30
770,Good,60,314,12,90,27,3,1,76.0,2,7,8,34,0,44,0,0,0,2,87,3,2,0,50
771,Bad,88,164,3,87,19,0,0,,-7,6,2,19,1,21,0,0,0,3,-8,3,1,0,80
772,Good,77,168,14,72,21,0,0,,-7,0,2,21,0,29,2,1,1,29,76,2,1,1,50
773,Bad,84,217,5,90,17,1,0,95.0,53,4,6,19,1,47,-8,0,0,3,-8,3,2,0,71
774,Bad,55,118,8,72,24,6,1,63.0,2,6,6,30,1,10,0,0,0,36,28,4,3,2,54
775,Good,76,104,8,64,11,1,1,92.0,79,6,6,12,1,42,0,0,0,12,-8,1,1,0,60
776,Bad,82,434,4,161,27,0,0,100.0,-7,7,8,29,2,26,1,2,2,2,-8,4,1,0,31
777,Good,61,35,2,15,15,0,0,100.0,-7,7,8,17,8,71,2,1,1,0,81,0,7,-8,75
778,Good,66,233,2,69,28,0,0,93.0,64,7,8,29,2,48,9,0,0,58,64,7,3,2,71
779,Bad,73,175,51,115,6,1,0,50.0,27,7,8,8,0,50,1,4,4,13,-8,1,1,-8,100
780,Good,83,61,15,28,13,0,0,100.0,-7,7,8,13,0,54,17,0,0,3,74,2,3,0,63
781,Good,68,222,6,103,16,1,0,84.0,20,5,7,19,2,32,0,0,0,59,-8,5,-8,3,63
782,Good,64,112,3,37,15,0,0,93.0,20,7,8,15,4,33,0,1,1,38,93,2,3,1,45
783,Bad,75,144,7,56,26,0,0,100.0,-7,7,8,27,2,42,1,1,1,32,62,3,4,1,67
784,Good,86,274,39,106,8,0,0,,-7,6,6,8,0,50,-8,0,0,0,12,1,1,0,67
785,Bad,64,145,12,81,28,0,0,97.0,3,4,6,30,0,61,10,0,0,60,75,2,4,1,75
786,Good,54,50,2,21,11,0,0,92.0,3,7,8,12,7,42,-7,1,1,69,82,4,2,2,100
787,Good,80,121,7,58,11,0,0,91.0,56,7,8,11,1,0,0,1,1,15,-8,4,-8,1,80
788,Bad,80,268,3,96,41,0,0,98.0,46,4,6,41,1,41,2,5,5,7,83,2,5,0,58
789,Good,54,-8,32,61,9,1,1,78.0,1,0,8,9,0,56,-7,1,1,77,59,3,1,2,100
790,Bad,55,176,14,68,17,1,1,89.0,2,0,2,20,0,42,0,3,3,84,44,6,2,4,80
791,Good,73,193,14,90,11,1,1,,-7,6,7,11,0,27,-7,0,0,1,-8,2,1,0,75
792,Bad,76,219,2,66,22,0,0,100.0,-7,5,8,24,2,25,0,0,0,24,92,3,3,1,35
793,Good,56,81,2,33,22,0,0,79.0,0,7,8,24,7,46,0,0,0,76,-8,3,3,1,100
794,Good,83,54,8,24,5,0,0,100.0,-7,7,8,6,2,50,-7,0,0,5,39,1,2,0,100
795,Bad,63,208,3,42,8,0,0,100.0,-7,7,8,8,3,88,0,3,2,165,92,1,4,-8,100
796,Bad,64,237,13,88,7,3,3,70.0,18,4,6,10,0,70,-7,0,0,34,88,1,1,0,67
797,Bad,74,211,8,74,40,1,1,95.0,47,4,4,45,9,60,8,0,0,15,109,1,9,0,83
798,Good,81,-8,4,106,17,0,0,94.0,79,6,6,18,1,28,-7,4,4,2,-8,3,2,0,50
799,Bad,77,126,8,61,25,0,0,92.0,42,7,8,25,4,12,7,0,0,9,100,7,2,0,63
800,Bad,73,254,5,97,22,1,0,96.0,45,7,8,23,2,39,0,2,2,54,32,4,3,2,78
801,Bad,87,137,4,79,28,0,0,100.0,-7,7,8,32,1,56,0,2,2,11,14,1,3,0,57
802,Bad,81,159,3,48,22,0,0,,-7,6,2,22,4,32,0,2,1,26,85,5,3,2,69
803,Good,75,301,32,166,9,2,1,62.0,20,7,8,13,0,46,0,2,2,0,-8,0,-8,0,0
804,Bad,80,290,5,82,14,0,0,87.0,17,6,6,15,2,60,0,0,0,16,44,3,4,0,78
805,Bad,75,171,2,68,20,0,0,100.0,-7,6,8,21,1,33,0,1,1,21,69,3,2,1,71
806,Good,85,197,4,81,26,0,0,100.0,-7,6,8,26,3,19,-7,3,3,4,6,2,2,0,29
807,Bad,77,88,5,40,12,0,0,92.0,15,7,8,12,4,42,-7,0,0,0,76,2,3,0,56
808,Good,54,140,18,61,7,6,5,50.0,5,6,6,13,0,63,0,0,0,96,73,3,2,1,100
809,Bad,90,234,6,128,32,0,0,,-7,4,6,32,2,38,-7,0,0,1,78,2,2,0,57
810,Bad,71,218,22,75,22,1,0,96.0,27,7,8,24,0,39,1,2,2,3,23,4,1,1,56
811,Good,71,114,12,66,39,0,0,96.0,1,7,8,46,0,41,0,0,0,17,81,6,7,1,50
812,Good,58,120,3,69,11,1,1,91.0,-8,2,4,29,2,45,-7,6,6,92,86,5,3,1,100
813,Good,68,130,7,64,31,3,3,82.0,16,7,8,34,3,21,0,4,3,14,2,5,3,0,44
815,Good,65,330,13,97,37,1,0,86.0,12,7,8,43,0,53,0,0,0,61,60,9,2,3,79
817,Good,73,123,4,65,24,0,0,,-7,6,5,24,1,38,0,1,1,68,80,3,7,1,71
818,Bad,76,107,2,54,10,0,0,82.0,11,4,3,11,1,27,0,3,3,12,3,3,2,0,71
819,Bad,58,214,20,122,6,3,2,54.0,2,6,2,13,0,62,-7,0,0,11,60,3,2,0,83
820,Good,74,167,4,63,17,0,0,94.0,31,7,8,17,2,41,0,2,2,38,91,4,3,2,78
821,Bad,84,245,10,113,16,0,0,94.0,17,7,8,17,1,12,-7,0,0,6,-8,2,-8,0,40
822,Good,87,213,5,90,15,0,0,,-7,6,6,15,2,27,0,1,1,3,-8,4,1,0,56
823,Bad,78,188,3,72,20,1,1,96.0,45,6,5,24,7,43,0,2,2,1,91,1,5,0,43
824,Good,66,143,4,75,10,1,1,100.0,-7,7,8,10,1,30,-7,2,2,95,-8,2,-8,1,100
825,Bad,63,45,5,28,16,0,0,,-7,5,5,16,2,19,0,10,10,47,-8,6,-8,2,75
826,Bad,62,152,10,79,18,5,1,72.0,20,6,6,25,1,28,0,1,1,81,80,5,2,3,78
827,Good,69,72,3,48,14,1,0,87.0,20,7,8,15,2,7,-7,1,1,29,-8,5,1,0,58
828,Bad,64,111,5,50,14,2,2,81.0,39,7,8,16,1,31,1,7,7,43,69,4,2,0,100
829,Good,83,127,4,60,18,0,0,,-7,4,6,18,5,44,3,1,1,8,81,1,3,-8,83
830,Good,69,111,8,58,18,0,0,,-7,4,6,22,3,36,8,0,0,86,-8,5,1,3,100
831,Good,57,148,3,55,43,0,0,86.0,4,6,6,43,5,47,7,0,0,48,84,9,4,0,81
832,Good,73,131,4,63,19,1,0,85.0,20,6,6,26,2,62,-7,1,1,25,17,1,4,-8,100
833,Bad,76,94,2,49,25,0,0,,-7,0,6,30,5,33,-7,4,4,20,81,2,4,0,40
834,Bad,86,188,19,92,25,0,0,,-7,4,6,15,0,19,0,1,1,0,58,1,3,1,38
835,Bad,76,257,18,100,4,0,0,100.0,-7,0,8,4,0,25,0,0,0,80,-8,3,1,1,100
836,Good,85,309,3,93,44,0,0,100.0,-7,7,8,47,2,38,3,5,5,10,4,5,3,0,57
837,Bad,61,61,4,25,23,0,0,96.0,10,4,6,23,5,52,3,3,3,30,87,6,6,0,100
838,Good,79,243,5,84,29,1,1,81.0,6,7,8,39,1,35,0,1,1,0,-8,3,2,1,50
839,Bad,73,71,7,41,18,0,0,100.0,-7,7,8,18,2,56,-7,1,0,38,86,3,3,1,75
840,Bad,65,56,3,21,7,0,0,86.0,38,6,3,7,3,43,0,3,3,23,98,3,1,1,80
841,Good,73,422,2,62,42,0,0,98.0,11,6,3,43,8,23,0,4,4,12,-8,4,2,0,44
842,Good,58,150,16,72,18,2,0,55.0,4,6,6,22,0,45,0,1,1,79,38,7,3,0,91
844,Good,72,151,7,60,30,1,0,97.0,36,6,6,34,4,27,6,0,0,16,78,3,6,1,45
845,Bad,70,197,16,97,30,0,0,91.0,19,6,5,32,0,22,-7,4,4,44,-8,8,1,4,63
846,Good,75,243,19,119,58,0,0,100.0,-7,7,8,50,0,39,0,4,4,73,-8,10,2,6,70
847,Bad,57,138,18,66,11,2,1,71.0,23,7,8,14,0,36,0,0,0,41,-8,4,1,0,71
848,Good,81,216,0,84,25,0,0,,-7,6,4,35,1,35,1,1,1,0,-8,1,4,0,38
849,Bad,60,73,8,74,10,0,0,50.0,7,5,6,10,1,30,8,0,0,36,-8,2,-8,1,29
850,Good,54,235,7,79,25,1,0,79.0,2,7,8,29,2,14,6,0,0,48,62,5,3,3,67
851,Good,67,257,17,111,16,1,0,68.0,5,7,8,19,0,37,-7,1,0,17,56,4,2,0,60
852,Bad,73,163,13,85,27,0,0,97.0,52,6,6,29,0,41,-8,0,0,34,39,4,2,2,60
853,Bad,88,530,5,182,17,0,0,,-7,4,5,17,2,24,0,0,0,3,81,5,2,0,64
854,Good,72,255,13,60,31,0,0,100.0,-7,7,8,32,0,22,13,0,0,85,14,9,2,9,79
855,Bad,65,184,3,35,8,0,0,,-7,6,5,8,3,75,-7,1,1,103,89,1,4,1,100
856,Bad,63,112,5,42,3,1,1,,-7,4,6,3,2,100,0,2,2,-8,81,-8,2,-8,100
857,Bad,78,181,16,48,16,0,0,94.0,52,6,6,8,0,13,0,1,1,13,-8,3,1,0,40
858,Good,78,111,1,58,19,0,0,,-7,6,2,22,3,32,0,3,3,11,29,4,2,1,75
859,Good,81,243,1,89,41,0,0,,-7,6,6,44,9,27,0,7,6,1,39,7,4,0,50
860,Bad,72,285,1,76,52,0,0,96.0,19,6,5,53,7,13,0,3,3,13,58,4,3,1,25
861,Bad,66,313,10,146,11,16,16,82.0,62,7,8,12,1,45,0,3,3,6,95,1,1,0,67
862,Good,66,202,9,82,23,2,2,96.0,0,7,8,26,1,17,0,0,0,33,70,7,3,0,63
863,Good,51,162,35,73,4,1,1,50.0,1,4,6,6,0,33,0,0,0,43,11,1,1,0,50
864,Good,78,311,4,134,17,1,1,89.0,77,3,3,20,1,11,-7,1,1,1,-8,3,-8,0,56
865,Bad,78,150,6,63,37,0,0,,-7,6,6,40,1,18,0,0,0,3,63,2,2,0,50
866,Good,72,172,2,76,23,1,1,96.0,12,6,6,25,4,36,0,3,3,22,-8,3,3,1,46
867,Bad,91,-8,7,97,19,0,0,100.0,-7,7,8,0,1,47,-7,1,1,0,-8,2,1,0,75
868,Good,63,284,1,92,40,0,0,93.0,2,6,3,29,1,12,-8,0,0,45,69,7,3,3,59
869,Bad,68,264,5,72,54,2,2,96.0,30,6,8,53,8,46,-7,1,1,18,83,4,7,1,50
870,Bad,65,75,1,36,9,2,2,75.0,38,7,8,12,2,58,4,1,1,33,46,2,3,1,100
871,Good,81,229,7,82,32,0,0,,-7,6,4,32,2,25,11,0,0,9,54,10,3,0,65
872,Bad,66,-8,3,45,21,3,1,88.0,41,6,5,25,4,40,-7,1,1,8,54,1,4,0,50
873,Good,80,93,5,45,6,0,0,,-7,6,2,6,2,50,-7,9,7,7,83,1,1,0,67
874,Good,67,112,3,74,4,1,0,80.0,30,7,8,5,1,100,-7,5,5,-8,-8,-8,1,-8,100
875,Bad,78,149,5,57,22,0,0,100.0,-7,7,8,22,3,27,0,1,1,16,96,4,3,0,73
876,Bad,54,68,7,23,5,0,0,83.0,3,4,6,6,3,33,0,0,0,66,81,3,2,1,83
877,Bad,83,229,3,71,14,0,0,,-7,6,5,14,2,43,0,3,3,0,95,1,4,0,71
879,Bad,62,157,4,67,24,1,1,96.0,10,7,8,25,4,60,-7,4,3,59,62,4,4,2,73
880,Good,58,91,4,41,31,0,0,100.0,-7,7,8,32,5,56,0,1,1,71,90,13,4,4,100
881,Bad,76,109,3,58,45,0,0,96.0,30,7,8,46,3,15,0,1,1,6,-8,8,1,1,33
882,Good,60,220,4,83,21,1,0,80.0,1,7,8,25,2,44,22,0,0,62,87,4,3,2,73
883,Bad,68,266,13,93,29,1,1,90.0,39,4,6,29,0,59,0,2,2,98,53,3,4,3,88
884,Good,66,221,9,85,32,1,1,94.0,43,4,4,33,2,30,1,2,2,58,25,14,3,6,94
885,Bad,56,162,2,38,30,1,1,100.0,-7,7,8,32,4,28,0,5,5,58,75,16,3,4,86
886,Good,67,64,1,26,18,0,0,,-7,6,6,19,6,53,-7,0,0,55,75,5,7,1,92
887,Good,88,154,11,69,9,0,0,,-7,4,6,22,1,67,10,1,1,2,70,1,3,0,80
888,Bad,93,425,63,179,6,0,0,,-7,4,5,6,0,33,0,0,0,0,-8,0,-8,-8,0
889,Bad,84,295,2,82,34,0,0,,-7,6,6,37,4,22,3,1,1,4,-8,2,1,0,30
890,Good,84,184,4,98,22,0,0,,-7,6,5,23,1,57,0,3,2,6,-8,2,-8,0,50
891,Bad,86,321,20,96,15,0,0,,-7,6,6,16,0,47,-8,0,0,16,59,3,2,0,63
892,Good,63,148,4,71,13,0,0,92.0,43,6,7,13,1,54,3,1,1,92,70,3,3,2,100
894,Bad,63,65,2,40,12,3,2,82.0,8,6,3,18,3,76,0,3,3,3,100,2,3,0,83
895,Bad,81,271,10,59,20,0,0,100.0,-7,7,8,18,1,25,0,1,1,0,67,1,2,0,23
896,Bad,66,145,1,68,33,0,0,,-7,4,6,52,6,36,-7,0,0,91,75,9,7,6,100
897,Bad,89,284,21,92,16,0,0,,-7,3,5,16,0,25,11,0,0,9,71,2,2,0,57
898,Bad,70,108,2,51,45,0,0,98.0,10,3,5,49,7,65,7,0,0,23,82,2,3,0,50
899,Bad,87,308,3,90,27,0,0,97.0,-7,6,6,30,1,40,-8,0,0,19,62,5,3,0,67
900,Good,69,216,36,82,15,1,1,93.0,24,7,8,15,0,33,-8,0,0,51,-8,8,1,0,100
901,Bad,81,327,2,116,40,0,0,100.0,-7,7,8,5,4,15,1,2,2,7,88,5,3,1,42
902,Bad,74,24,5,18,4,0,0,100.0,-7,7,8,4,1,50,21,0,0,35,-8,1,1,-8,100
905,Bad,72,110,7,63,12,1,1,92.0,52,6,8,13,1,54,0,3,3,0,-8,0,1,-8,25
906,Bad,68,130,5,72,16,1,0,89.0,5,6,6,21,1,47,-7,1,1,35,-8,3,-8,0,43
907,Good,70,137,7,51,27,0,0,93.0,12,7,8,27,3,30,0,1,1,43,-8,6,2,3,53
908,Good,68,223,4,81,25,3,1,76.0,12,7,8,29,5,28,15,0,0,33,96,4,3,1,50
909,Good,68,205,27,104,40,3,1,89.0,12,6,6,46,0,70,-8,0,0,55,84,3,5,1,90
910,Bad,75,191,3,71,25,0,0,,-7,0,6,26,4,42,10,0,0,66,86,6,2,1,73
911,Bad,66,113,2,65,21,1,0,96.0,31,4,6,23,2,35,6,0,0,66,96,6,5,3,86
912,Bad,77,170,10,84,25,0,0,,-7,2,4,26,1,12,-7,2,2,58,46,3,1,2,50
913,Good,84,362,11,114,33,0,0,97.0,25,6,2,35,1,40,0,3,3,1,89,2,2,0,36
914,Good,78,266,13,95,16,0,0,100.0,-7,7,8,16,0,56,0,2,2,51,90,4,2,1,100
915,Good,75,367,1,118,57,0,0,95.0,28,6,6,58,3,24,-8,0,0,5,44,4,4,0,41
916,Good,90,230,13,73,11,0,0,100.0,-7,7,8,13,0,62,0,0,0,1,71,1,4,0,71
917,Good,73,333,1,102,25,0,0,96.0,16,4,6,27,4,26,0,5,5,37,3,3,3,-8,67
918,Bad,88,156,17,140,5,0,0,,-7,6,6,5,0,20,-7,0,0,20,-8,2,1,0,75
919,Bad,59,120,7,32,7,1,1,86.0,5,6,4,24,2,57,-7,1,1,42,95,1,2,0,100
920,Good,81,306,2,130,32,0,0,100.0,-7,7,8,34,1,35,1,2,2,8,99,3,2,1,35
921,Bad,76,177,30,80,13,0,0,85.0,26,6,5,13,0,54,0,1,1,42,-8,2,1,0,60
922,Bad,69,39,4,23,7,1,0,88.0,14,7,8,8,2,13,0,8,8,19,-8,3,-8,0,50
923,Bad,82,186,3,85,19,0,0,,-7,6,5,22,4,27,3,3,3,34,-8,3,1,0,50
924,Good,64,212,6,76,7,5,4,64.0,10,7,8,11,2,55,8,0,0,56,86,1,2,0,75
925,Bad,77,221,17,93,46,0,0,,-7,4,6,51,0,36,17,0,0,41,-8,8,1,2,75
926,Good,64,170,8,63,16,2,2,79.0,13,7,8,20,1,53,0,0,0,27,57,2,4,-8,100
927,Bad,64,45,1,19,10,0,0,,-7,4,6,11,3,18,0,1,1,77,93,6,2,2,100
928,Bad,56,91,16,54,4,6,2,27.0,12,0,2,11,0,55,0,8,8,104,86,2,1,1,100
929,Bad,79,203,4,95,28,1,0,91.0,41,7,8,16,2,28,3,1,1,1,-8,3,1,0,40
930,Bad,54,113,2,36,37,0,0,97.0,8,6,6,38,6,50,0,9,9,59,94,4,5,1,69
931,Good,88,109,62,87,8,0,0,,-7,4,5,8,0,50,-8,0,0,0,3,0,1,0,50
932,Bad,77,366,15,93,29,0,0,93.0,30,6,6,30,0,37,0,0,0,20,54,6,3,0,56
933,Good,74,305,3,146,17,1,1,94.0,4,6,2,8,2,17,10,0,0,1,46,2,2,0,31
934,Bad,71,152,4,68,36,0,0,100.0,-7,6,8,38,4,44,4,2,2,57,88,6,3,1,82
935,Bad,73,317,1,92,34,0,0,100.0,-7,7,8,36,3,17,0,7,7,24,80,5,2,1,50
936,Good,61,183,7,76,8,2,2,80.0,1,7,8,12,2,33,0,0,0,0,-8,1,1,0,50
937,Good,88,190,6,65,20,0,0,100.0,-7,9,8,21,1,14,5,1,1,0,50,4,2,0,46
938,Good,65,174,3,63,15,1,0,81.0,1,7,8,16,5,50,0,4,4,32,66,3,4,0,64
939,Good,65,125,5,54,28,1,1,90.0,6,7,8,31,2,58,0,0,0,51,62,4,5,1,75
940,Good,83,175,26,69,16,0,0,100.0,-7,7,8,16,0,38,0,1,1,4,43,2,2,0,40
941,Bad,84,170,25,87,10,0,0,,-7,6,6,10,0,50,0,2,2,10,-8,2,-8,0,67
942,Bad,57,164,8,66,34,19,19,94.0,28,7,8,35,1,34,-7,0,0,14,68,4,6,0,77
943,Bad,57,164,5,74,30,1,1,90.0,7,4,3,35,1,57,0,5,4,64,75,6,4,2,92
944,Good,76,163,15,66,47,0,0,100.0,-7,7,8,47,0,21,0,4,4,9,82,5,6,1,58
945,Bad,75,254,4,60,9,0,0,100.0,-7,7,8,9,2,44,0,1,1,60,95,2,2,0,80
946,Good,66,131,13,83,4,4,4,67.0,67,7,8,41,0,33,-7,0,0,67,-8,2,1,0,100
947,Bad,83,97,7,57,17,0,0,,-7,4,6,17,1,24,-7,0,0,19,85,3,3,0,60
948,Good,56,368,10,44,25,0,0,92.0,4,6,7,40,1,16,9,0,0,41,74,10,3,2,65
